bar,source,symbol,n_bars,first,last,age_hours,n_gaps,max_gap_hours,zero_vol_share,spike_bars,ohlc_bad,flagged,reasons,blacklist_candidate
15m,okx,0G_USDT_SWAP,27854,2025-09-22,2026-07-09 13:45,2.9,0,0.25,0.0,1,0,False,,False
15m,okx,1INCH_USDT_SWAP,38499,2025-06-03,2026-07-09 13:45,2.9,0,0.25,0.0,1,0,False,,False
15m,okx,2Z_USDT_SWAP,26884,2025-10-02,2026-07-09 13:45,2.9,0,0.25,0.0,1,0,False,,False
15m,okx,AAPL_USDT_SWAP,12215,2026-03-04,2026-07-09 13:45,2.9,0,0.25,0.034,0,0,True,zero_vol>0.02,True
15m,gate,AAVE_USDT,9382,2026-03-29,2026-07-04 19:00,117.6,0,0.25,0.0001,0,0,True,stale>48.0h,False
15m,okx,AAVE_USDT,38692,2025-06-01,2026-07-09 13:30,3.1,0,0.25,0.0,1,0,False,,False
15m,okx,AAVE_USDT_SWAP,38588,2025-06-02,2026-07-09 13:30,3.1,0,0.25,0.0,1,0,False,,False
15m,okx,ACH_USDT_SWAP,38499,2025-06-03,2026-07-09 13:45,2.9,0,0.25,0.0,1,0,False,,False
15m,gate,ACT_USDT,9465,2026-03-28,2026-07-04 19:00,117.6,0,0.25,0.0586,0,0,True,zero_vol>0.02|stale>48.0h,True
15m,okx,ACT_USDT_SWAP,38499,2025-06-03,2026-07-09 13:45,2.9,0,0.25,0.0,3,0,True,spikes>=3,False
15m,okx,ACU_USDT_SWAP,16060,2026-01-23,2026-07-09 13:45,2.9,0,0.25,0.0002,0,0,False,,False
15m,gate,ADA_USDT,9381,2026-03-29,2026-07-04 18:45,117.9,0,0.25,0.0001,0,0,True,stale>48.0h,False
15m,okx,ADA_USDT,38692,2025-06-01,2026-07-09 13:30,3.1,0,0.25,0.0,2,0,False,,False
15m,okx,ADA_USDT_SWAP,38588,2025-06-02,2026-07-09 13:30,3.1,0,0.25,0.0,2,0,False,,False
15m,okx,ADBE_USDT_SWAP,3474,2026-06-03,2026-07-09 13:45,2.9,0,0.25,0.1503,0,0,True,zero_vol>0.02,True
15m,gate,AERO_USDT,3000,2026-06-03,2026-07-04 19:00,117.6,1,0.5,0.0187,0,0,True,stale>48.0h,False
15m,okx,AERO_USDT_SWAP,35647,2025-07-03,2026-07-09 13:45,2.9,0,0.25,0.0,0,0,False,,False
15m,okx,AEVO_USDT_SWAP,38499,2025-06-03,2026-07-09 14:00,2.6,0,0.25,0.0,2,0,False,,False
15m,gate,AGLD_USDT,9012,2026-03-29,2026-06-30 23:00,209.6,0,0.25,0.2378,0,0,True,zero_vol>0.02|stale>48.0h,True
15m,okx,AGLD_USDT_SWAP,38499,2025-06-03,2026-07-09 14:00,2.6,0,0.25,0.0,0,0,False,,False
15m,gate,AIGENSYN_USDT,6118,2026-04-29,2026-07-02 07:00,177.6,0,0.25,0.0049,2,0,True,stale>48.0h,False
15m,okx,AIXBT_USDT_SWAP,38499,2025-06-03,2026-07-09 14:00,2.6,0,0.25,0.0,2,0,False,,False
15m,okx,AI_USDT_SWAP,6825,2026-04-29,2026-07-09 14:00,2.6,0,0.25,0.0,2,0,False,,False
15m,gate,AKE_USDT,3000,2026-06-03,2026-07-04 19:00,117.6,1,0.5,0.0067,0,0,True,stale>48.0h,False
15m,okx,ALAB_USDT_SWAP,2229,2026-06-16,2026-07-09 14:00,2.6,0,0.25,0.0592,0,0,True,zero_vol>0.02,True
15m,okx,ALGO_USDT_SWAP,38499,2025-06-03,2026-07-09 14:00,2.6,0,0.25,0.0,0,0,False,,False
15m,gate,ALLO_USDT,9251,2026-03-30,2026-07-04 19:00,117.6,0,0.25,0.0261,0,0,True,zero_vol>0.02|stale>48.0h,False
15m,okx,ALLO_USDT,17699,2025-12-16,2026-06-18 14:30,506.1,0,0.25,0.0263,0,0,True,zero_vol>0.02|stale>48.0h,False
15m,okx,ALLO_USDT_SWAP,23030,2025-11-11,2026-07-09 14:00,2.6,0,0.25,0.0,0,0,False,,False
15m,okx,AMAT_USDT_SWAP,4053,2026-05-28,2026-07-09 14:00,2.6,0,0.25,0.035,0,0,True,zero_vol>0.02,True
15m,okx,AMD_USDT_SWAP,11537,2026-03-11,2026-07-09 14:00,2.6,0,0.25,0.0468,0,0,True,zero_vol>0.02,True
15m,okx,AMZN_USDT_SWAP,12795,2026-02-26,2026-07-09 14:00,2.6,0,0.25,0.0323,0,0,True,zero_vol>0.02,True
15m,okx,ANIME_USDT_SWAP,1499,2026-06-19,2026-07-04 18:45,117.9,0,0.25,0.0,0,0,True,stale>48.0h,False
15m,okx,ANTHROPIC_USDT_SWAP,6068,2026-05-07,2026-07-09 14:15,2.4,0,0.25,0.0013,1,0,False,,False
15m,okx,APE_USDT,38690,2025-06-01,2026-07-09 13:30,3.1,0,0.25,0.0001,2,0,False,,False
15m,okx,APE_USDT_SWAP,38588,2025-06-02,2026-07-09 13:30,3.1,0,0.25,0.0,3,0,True,spikes>=3,False
15m,okx,API3_USDT_SWAP,38499,2025-06-03,2026-07-09 14:15,2.4,0,0.25,0.0,2,0,False,,False
15m,okx,APLD_USDT_SWAP,308,2026-07-06,2026-07-09 14:15,2.4,0,0.25,0.0487,0,0,True,zero_vol>0.02,True
15m,gate,APR_USDT,9081,2026-03-29,2026-07-02 06:30,178.1,0,0.25,0.0692,0,0,True,zero_vol>0.02|stale>48.0h,True
15m,okx,APR_USDT_SWAP,24802,2025-10-24,2026-07-09 14:15,2.4,0,0.25,0.0,0,0,False,,False
15m,okx,APT_USDT,38691,2025-06-01,2026-07-09 13:30,3.1,0,0.25,0.0,1,0,False,,False
15m,okx,APT_USDT_SWAP,38588,2025-06-02,2026-07-09 13:30,3.1,0,0.25,0.0,1,0,False,,False
15m,gate,ARB_USDT,9388,2026-03-29,2026-07-04 19:00,117.6,0,0.25,0.0001,0,0,True,stale>48.0h,False
15m,okx,ARB_USDT,38689,2025-06-01,2026-07-09 13:30,3.1,0,0.25,0.0001,1,0,False,,False
15m,okx,ARB_USDT_SWAP,38588,2025-06-02,2026-07-09 13:30,3.1,0,0.25,0.0,1,0,False,,False
15m,okx,ARKM_USDT_SWAP,38499,2025-06-03,2026-07-09 14:15,2.4,0,0.25,0.0,2,0,False,,False
15m,okx,ARM_USDT_SWAP,6849,2026-04-29,2026-07-09 14:15,2.4,0,0.25,0.0066,0,0,False,,False
15m,gate,ARPA_USDT,3000,2026-06-03,2026-07-04 19:00,117.6,1,0.5,0.0793,0,0,True,zero_vol>0.02|stale>48.0h,True
15m,okx,ARX_USDT_SWAP,1640,2026-06-22,2026-07-09 14:15,2.4,0,0.25,0.0,1,0,False,,False
15m,okx,AR_USDT_SWAP,38499,2025-06-03,2026-07-09 14:15,2.4,0,0.25,0.0,2,0,False,,False
15m,okx,ASML_USDT_SWAP,3475,2026-06-03,2026-07-09 14:15,2.4,0,0.25,0.0576,0,0,True,zero_vol>0.02,True
15m,okx,ASTER_USDT,17699,2025-12-16,2026-06-18 14:30,506.1,0,0.25,0.0014,0,0,True,stale>48.0h,False
15m,okx,ASTER_USDT_SWAP,27878,2025-09-22,2026-07-09 14:15,2.4,0,0.25,0.0,1,0,False,,False
15m,okx,ASTS_USDT_SWAP,3565,2026-06-02,2026-07-09 14:15,2.4,0,0.25,0.0039,0,0,False,,False
15m,okx,ATH_USDT_SWAP,38499,2025-06-03,2026-07-09 14:15,2.4,0,0.25,0.0,0,0,False,,False
15m,okx,ATOM_USDT,38691,2025-06-01,2026-07-09 13:30,3.1,0,0.25,0.0005,1,0,False,,False
15m,okx,ATOM_USDT_SWAP,38588,2025-06-02,2026-07-09 13:30,3.1,0,0.25,0.0,1,0,False,,False
15m,gate,AT_USDT,3000,2026-06-03,2026-07-04 19:00,117.6,1,0.5,0.051,0,0,True,zero_vol>0.02|stale>48.0h,True
15m,okx,AT_USDT_SWAP,24210,2025-10-30,2026-07-09 14:15,2.4,0,0.25,0.0006,0,0,False,,False
15m,okx,AUCTION_USDT_SWAP,38499,2025-06-03,2026-07-09 14:30,2.1,0,0.25,0.0,2,0,False,,False
15m,gate,AVAX_USDT,9382,2026-03-29,2026-07-04 19:00,117.6,0,0.25,0.0001,0,0,True,stale>48.0h,False
15m,okx,AVAX_USDT,38692,2025-06-01,2026-07-09 13:30,3.1,0,0.25,0.0,1,0,False,,False
15m,okx,AVAX_USDT_SWAP,38588,2025-06-02,2026-07-09 13:30,3.1,0,0.25,0.0,1,0,False,,False
15m,gate,AVA_USDT,3000,2026-06-03,2026-07-04 19:00,117.6,1,0.5,0.4903,0,0,True,zero_vol>0.02|stale>48.0h,True
15m,okx,AVGO_USDT_SWAP,6851,2026-04-29,2026-07-09 14:30,2.1,0,0.25,0.0117,0,0,False,,False
15m,okx,AVNT_USDT_SWAP,27837,2025-09-22,2026-07-09 14:30,2.1,0,0.25,0.0,2,0,False,,False
15m,okx,AXS_USDT_SWAP,38499,2025-06-03,2026-07-09 14:30,2.1,0,0.25,0.0,1,0,False,,False
15m,okx,AXTI_USDT_SWAP,2229,2026-06-16,2026-07-09 14:30,2.1,0,0.25,0.0031,0,0,False,,False
15m,okx,AZTEC_USDT_SWAP,14226,2026-02-11,2026-07-09 14:45,1.9,0,0.25,0.0002,1,0,False,,False
15m,gate,A_USDT,3000,2026-06-03,2026-07-04 19:00,117.6,1,0.5,0.1087,0,0,True,zero_vol>0.02|stale>48.0h,True
15m,okx,A_USDT_SWAP,38499,2025-06-03,2026-07-09 13:45,2.9,0,0.25,0.0,1,0,False,,False
15m,gate,B2_USDT,3000,2026-06-03,2026-07-04 19:00,117.6,1,0.5,0.0753,0,0,True,zero_vol>0.02|stale>48.0h,True
15m,okx,BABY_USDT_SWAP,38499,2025-06-03,2026-07-09 14:45,1.9,0,0.25,0.0001,4,0,True,spikes>=3,False
15m,okx,BAND_USDT_SWAP,38499,2025-06-03,2026-07-09 14:45,1.9,0,0.25,0.0001,1,0,False,,False
15m,gate,BANK_USDT,9007,2026-03-30,2026-07-02 11:15,173.4,0,0.25,0.1499,0,0,True,zero_vol>0.02|stale>48.0h,True
15m,okx,BARD_USDT_SWAP,28236,2025-09-18,2026-07-09 14:45,1.9,0,0.25,0.0,1,0,False,,False
15m,gate,BASED_USDT,9257,2026-03-30,2026-07-04 19:00,117.6,0,0.25,0.0006,0,0,True,stale>48.0h,False
15m,okx,BASED_USDT,7690,2026-03-30,2026-06-18 12:15,508.4,0,0.25,0.0,0,0,True,stale>48.0h,False
15m,okx,BASED_USDT_SWAP,9714,2026-03-30,2026-07-09 14:45,1.9,0,0.25,0.0,0,0,False,,False
15m,gate,BAS_USDT,9388,2026-03-29,2026-07-04 19:00,117.6,0,0.25,0.0089,0,0,True,stale>48.0h,False
15m,okx,BAT_USDT_SWAP,38499,2025-06-03,2026-07-09 14:45,1.9,0,0.25,0.0001,0,0,False,,False
15m,okx,BB_USDT_SWAP,3672,2026-06-01,2026-07-09 14:45,1.9,0,0.25,0.033,0,0,True,zero_vol>0.02,False
15m,gate,BCH_USDT,9382,2026-03-29,2026-07-04 19:00,117.6,0,0.25,0.0002,0,0,True,stale>48.0h,False
15m,okx,BCH_USDT,38692,2025-06-01,2026-07-09 13:30,3.1,0,0.25,0.0002,0,0,False,,False
15m,okx,BCH_USDT_SWAP,38488,2025-06-03,2026-07-09 13:30,3.1,0,0.25,0.0,0,0,False,,False
15m,gate,BEAT_USDT,9465,2026-03-28,2026-07-04 19:00,117.6,0,0.25,0.0001,0,0,True,stale>48.0h,False
15m,okx,BEAT_USDT_SWAP,22939,2025-11-12,2026-07-09 14:45,1.9,0,0.25,0.0,3,0,True,spikes>=3,False
15m,gate,BEL_USDT,3000,2026-06-03,2026-07-04 19:00,117.6,1,0.5,0.105,0,0,True,zero_vol>0.02|stale>48.0h,True
15m,okx,BERA_USDT_SWAP,38499,2025-06-03,2026-07-09 14:45,1.9,0,0.25,0.0,3,0,True,spikes>=3,False
15m,okx,BE_USDT_SWAP,4144,2026-05-27,2026-07-09 14:45,1.9,0,0.25,0.0304,0,0,True,zero_vol>0.02,False
15m,okx,BICO_USDT_SWAP,38499,2025-06-03,2026-07-09 14:45,1.9,0,0.25,0.0,2,0,False,,False
15m,okx,BIGTIME_USDT_SWAP,38499,2025-06-03,2026-07-09 15:00,1.6,0,0.25,0.0,2,0,False,,False
15m,okx,BILL_USDT_SWAP,6173,2026-05-06,2026-07-09 15:00,1.6,0,0.25,0.0,0,0,False,,False
15m,gate,BIO_USDT,9097,2026-03-29,2026-07-02 06:30,178.1,0,0.25,0.0042,0,0,True,stale>48.0h,False
15m,okx,BIO_USDT,17699,2025-12-16,2026-06-18 14:30,506.1,0,0.25,0.0051,0,0,True,stale>48.0h,False
15m,okx,BIO_USDT_SWAP,38499,2025-06-03,2026-07-09 15:00,1.6,0,0.25,0.0,1,0,False,,False
15m,gate,BIRB_USDT,9258,2026-03-30,2026-07-04 19:00,117.6,0,0.25,0.1204,0,0,True,zero_vol>0.02|stale>48.0h,True
15m,okx,BLEND_USDT_SWAP,6837,2026-04-29,2026-07-09 15:00,1.6,0,0.25,0.0003,0,0,False,,False
15m,okx,BLUR_USDT_SWAP,38499,2025-06-03,2026-07-09 15:00,1.6,0,0.25,0.0,2,0,False,,False
15m,okx,BMNR_USDT_SWAP,7009,2026-04-27,2026-07-09 15:00,1.6,0,0.25,0.0516,0,0,True,zero_vol>0.02,True
15m,gate,BNB_USDT,9381,2026-03-29,2026-07-04 18:45,117.9,0,0.25,0.0001,0,0,True,stale>48.0h,False
15m,okx,BNB_USDT,38692,2025-06-01,2026-07-09 13:30,3.1,0,0.25,0.0,0,0,False,,False
15m,okx,BNB_USDT_SWAP,38588,2025-06-02,2026-07-09 13:30,3.1,0,0.25,0.0,0,0,False,,False
15m,okx,BOME_USDT_SWAP,38499,2025-06-03,2026-07-09 15:00,1.6,0,0.25,0.0,3,0,True,spikes>=3,False
15m,gate,BONK_USDT,3000,2026-06-03,2026-07-04 19:00,117.6,1,0.5,0.014,0,0,True,stale>48.0h,False
15m,okx,BONK_USDT_SWAP,38499,2025-06-03,2026-07-09 15:00,1.6,0,0.25,0.0,2,0,False,,False
15m,okx,BOT_USDT_SWAP,693,2026-07-02,2026-07-09 15:00,1.6,0,0.25,0.0087,0,0,False,,False
15m,okx,BRETT_USDT_SWAP,38499,2025-06-03,2026-07-09 15:00,1.6,0,0.25,0.0012,2,0,False,,False
15m,gate,BREV_USDT,9027,2026-03-30,2026-07-02 12:45,171.9,0,0.25,0.1746,0,0,True,zero_vol>0.02|stale>48.0h,True
15m,okx,BREV_USDT_SWAP,18346,2025-12-30,2026-07-09 15:15,1.4,0,0.25,0.0002,0,0,False,,False
15m,gate,BROCCOLI_USDT,3000,2026-06-03,2026-07-04 19:00,117.6,1,0.5,0.136,0,0,True,zero_vol>0.02|stale>48.0h,True
15m,gate,BSB_USDT,9388,2026-03-29,2026-07-04 19:00,117.6,0,0.25,0.0014,3,0,True,spikes>=3|stale>48.0h,False
15m,okx,BSB_USDT_SWAP,9430,2026-04-02,2026-07-09 15:15,1.4,0,0.25,0.0,3,0,True,spikes>=3,False
15m,okx,BSP_USDT_SWAP,314,2026-07-06,2026-07-09 15:15,1.4,0,0.25,0.0,0,0,False,,False
15m,gate,BSV_USDT,9071,2026-03-29,2026-07-02 06:30,178.1,0,0.25,0.0304,0,0,True,zero_vol>0.02|stale>48.0h,False
15m,gate,BTC_USDT,9381,2026-03-29,2026-07-04 18:45,117.9,0,0.25,0.0,0,0,True,stale>48.0h,False
15m,okx,BTC_USDT,38692,2025-06-01,2026-07-09 13:30,3.1,0,0.25,0.0,0,0,False,,False
15m,okx,BTC_USDT_SWAP,38587,2025-06-02,2026-07-09 13:30,3.1,0,0.25,0.0,0,0,False,,False
15m,gate,BTW_USDT,2905,2026-06-04,2026-07-04 19:00,117.6,0,0.25,0.0,2,0,True,stale>48.0h,False
15m,gate,BULLA_USDT,3000,2026-06-03,2026-07-04 19:00,117.6,1,0.5,0.075,0,0,True,zero_vol>0.02|stale>48.0h,True
15m,okx,BX_USDT_SWAP,2617,2026-06-12,2026-07-09 15:15,1.4,0,0.25,0.2874,0,0,True,zero_vol>0.02,True
15m,gate,BZ_USDT,6047,2026-04-30,2026-07-02 07:00,177.6,0,0.25,0.0002,0,0,True,stale>48.0h,False
15m,okx,BZ_USDT_SWAP,10294,2026-03-24,2026-07-09 15:15,1.4,0,0.25,0.0,0,0,False,,False
15m,gate,B_USDT,9235,2026-03-30,2026-07-04 19:00,117.6,0,0.25,0.0297,3,0,True,zero_vol>0.02|spikes>=3|stale>48.0h,False
15m,gate,CAP_USDT,702,2026-06-27,2026-07-04 19:00,117.6,0,0.25,0.0,0,0,True,stale>48.0h,False
15m,okx,CAP_USDT_SWAP,1260,2026-06-26,2026-07-09 15:15,1.4,0,0.25,0.0,0,0,False,,False
15m,okx,CC_USDT_SWAP,24102,2025-10-31,2026-07-09 15:15,1.4,0,0.25,0.0001,0,0,False,,False
15m,okx,CELO_USDT_SWAP,38499,2025-06-03,2026-07-09 15:15,1.4,0,0.25,0.0,1,0,False,,False
15m,okx,CFX_USDT,38690,2025-06-01,2026-07-09 13:30,3.1,0,0.25,0.0006,2,0,False,,False
15m,okx,CFX_USDT_SWAP,38587,2025-06-02,2026-07-09 13:30,3.1,0,0.25,0.0,1,0,False,,False
15m,okx,CGNX_USDT_SWAP,2615,2026-06-12,2026-07-09 15:15,1.4,0,0.25,0.3224,0,0,True,zero_vol>0.02,True
15m,gate,CHILLGUY_USDT,3000,2026-06-03,2026-07-04 19:00,117.6,1,0.5,0.0183,0,0,True,stale>48.0h,False
15m,okx,CHIP_USDT_SWAP,7590,2026-04-21,2026-07-09 15:15,1.4,0,0.25,0.0,0,0,False,,False
15m,gate,CHZ_USDT,9014,2026-03-29,2026-06-30 23:00,209.6,0,0.25,0.003,0,0,True,stale>48.0h,False
15m,okx,CHZ_USDT,38690,2025-06-01,2026-07-09 13:30,3.1,0,0.25,0.0016,1,0,False,,False
15m,okx,CHZ_USDT_SWAP,38587,2025-06-02,2026-07-09 13:30,3.1,0,0.25,0.0,1,0,False,,False
15m,okx,CIEN_USDT_SWAP,2713,2026-06-11,2026-07-09 15:15,1.4,0,0.25,0.2337,0,0,True,zero_vol>0.02,True
15m,gate,CLO_USDT,9020,2026-03-29,2026-06-30 23:00,209.6,0,0.25,0.0392,1,0,True,zero_vol>0.02|stale>48.0h,False
15m,okx,COAI_USDT_SWAP,25636,2025-10-15,2026-07-09 15:15,1.4,0,0.25,0.0,0,0,False,,False
15m,okx,COHR_USDT_SWAP,5494,2026-05-13,2026-07-09 15:15,1.4,0,0.25,0.024,0,0,True,zero_vol>0.02,False
15m,okx,COIN_USDT_SWAP,12799,2026-02-26,2026-07-09 15:15,1.4,0,0.25,0.0048,0,0,False,,False
15m,okx,COMP_USDT_SWAP,38499,2025-06-03,2026-07-09 15:15,1.4,0,0.25,0.0,1,0,False,,False
15m,gate,COOKIE_USDT,3000,2026-06-03,2026-07-04 19:00,117.6,1,0.5,0.0163,0,0,True,stale>48.0h,False
15m,okx,CORE_USDT_SWAP,38499,2025-06-03,2026-07-09 15:15,1.4,0,0.25,0.0,2,0,False,,False
15m,okx,COST_USDT_SWAP,7013,2026-04-27,2026-07-09 15:15,1.4,0,0.25,0.1549,0,0,True,zero_vol>0.02,True
15m,okx,CRCL_USDT_SWAP,12799,2026-02-26,2026-07-09 15:30,1.1,0,0.25,0.0002,0,0,False,,False
15m,okx,CRDO_USDT_SWAP,2715,2026-06-11,2026-07-09 15:30,1.1,0,0.25,0.1164,0,0,True,zero_vol>0.02,True
15m,okx,CRO_USDT_SWAP,38499,2025-06-03,2026-07-09 15:30,1.1,0,0.25,0.0,0,0,False,,False
15m,gate,CRV_USDT,3000,2026-06-03,2026-07-04 19:00,117.6,1,0.5,0.003,0,0,True,stale>48.0h,False
15m,okx,CRV_USDT,38690,2025-06-01,2026-07-09 13:30,3.1,0,0.25,0.0016,2,0,False,,False
15m,okx,CRV_USDT_SWAP,38587,2025-06-02,2026-07-09 13:30,3.1,0,0.25,0.0,2,0,False,,False
15m,okx,CRWD_USDT_SWAP,4249,2026-05-26,2026-07-09 15:30,1.1,0,0.25,0.1706,1,0,True,zero_vol>0.02,True
15m,okx,CRWV_USDT_SWAP,8655,2026-04-10,2026-07-09 15:30,1.1,0,0.25,0.0085,0,0,False,,False
15m,okx,CSCO_USDT_SWAP,4920,2026-05-19,2026-07-09 15:30,1.1,0,0.25,0.2632,0,0,True,zero_vol>0.02,True
15m,okx,CVX_USDT_SWAP,38499,2025-06-03,2026-07-09 15:30,1.1,0,0.25,0.0003,2,0,False,,False
15m,okx,DASH_USDT_SWAP,23571,2025-11-06,2026-07-09 15:30,1.1,0,0.25,0.0,0,0,False,,False
15m,gate,DEEP_USDT,9012,2026-03-30,2026-07-02 11:00,173.6,0,0.25,0.0217,0,0,True,zero_vol>0.02|stale>48.0h,False
15m,okx,DELL_USDT_SWAP,4058,2026-05-28,2026-07-09 15:30,1.1,0,0.25,0.0382,0,0,True,zero_vol>0.02,False
15m,gate,DEXE_USDT,3000,2026-06-03,2026-07-04 19:00,117.6,1,0.5,0.0007,0,0,True,stale>48.0h,False
15m,okx,DKNG_USDT_SWAP,2040,2026-06-18,2026-07-09 15:30,1.1,0,0.25,0.3015,0,0,True,zero_vol>0.02,True
15m,gate,DOGE_USDT,9381,2026-03-29,2026-07-04 18:45,117.9,0,0.25,0.0,0,0,True,stale>48.0h,False
15m,okx,DOGE_USDT,38692,2025-06-01,2026-07-09 13:30,3.1,0,0.25,0.0,0,0,False,,False
15m,okx,DOGE_USDT_SWAP,38587,2025-06-02,2026-07-09 13:30,3.1,0,0.25,0.0,0,0,False,,False
15m,gate,DOGS_USDT,3000,2026-06-03,2026-07-04 19:00,117.6,1,0.5,0.0343,0,0,True,zero_vol>0.02|stale>48.0h,False
15m,okx,DOOD_USDT_SWAP,38499,2025-06-03,2026-07-09 15:30,1.1,0,0.25,0.0,1,0,False,,False
15m,gate,DOT_USDT,9236,2026-03-30,2026-07-04 19:00,117.6,0,0.25,0.0011,0,0,True,stale>48.0h,False
15m,okx,DOT_USDT,38692,2025-06-01,2026-07-09 13:30,3.1,0,0.25,0.0,2,0,False,,False
15m,okx,DOT_USDT_SWAP,38587,2025-06-02,2026-07-09 13:30,3.1,0,0.25,0.0,2,0,False,,False
15m,gate,DRAM_USDT,4345,2026-05-18,2026-07-02 12:30,172.1,0,0.25,0.0009,0,0,True,stale>48.0h,False
15m,okx,DRAM_USDT_SWAP,5979,2026-05-08,2026-07-09 15:30,1.1,0,0.25,0.0005,0,0,False,,False
15m,gate,DYDX_USDT,9354,2026-03-29,2026-07-04 19:00,117.6,0,0.25,0.0001,0,0,True,stale>48.0h,False
15m,okx,DYDX_USDT_SWAP,38499,2025-06-03,2026-07-09 15:30,1.1,0,0.25,0.0,2,0,False,,False
15m,gate,DYM_USDT,3000,2026-06-03,2026-07-04 19:00,117.6,1,0.5,0.0283,0,0,True,zero_vol>0.02|stale>48.0h,False
15m,okx,EDEN_USDT_SWAP,27090,2025-09-30,2026-07-09 15:45,0.9,0,0.25,0.0,3,0,True,spikes>=3,False
15m,okx,EDGE_USDT,2311,2026-05-24,2026-06-18 00:15,520.4,0,0.25,0.0,3,0,True,spikes>=3|stale>48.0h,False
15m,okx,EDGE_USDT_SWAP,9514,2026-04-01,2026-07-09 15:45,0.9,0,0.25,0.0,3,0,True,spikes>=3,False
15m,gate,EGLD_USDT,9388,2026-03-29,2026-07-04 19:00,117.6,0,0.25,0.0115,0,0,True,stale>48.0h,False
15m,okx,EGLD_USDT_SWAP,38499,2025-06-03,2026-07-09 15:45,0.9,0,0.25,0.0,2,0,False,,False
15m,gate,EIGEN_USDT,3000,2026-06-03,2026-07-04 19:00,117.6,1,0.5,0.0,0,0,True,stale>48.0h,False
15m,okx,EIGEN_USDT,38690,2025-06-01,2026-07-09 13:30,3.1,0,0.25,0.0052,2,0,False,,False
15m,okx,EIGEN_USDT_SWAP,38587,2025-06-02,2026-07-09 13:30,3.1,0,0.25,0.0,2,0,False,,False
15m,gate,ENA_USDT,9382,2026-03-29,2026-07-04 19:00,117.6,0,0.25,0.0001,0,0,True,stale>48.0h,False
15m,okx,ENA_USDT,28347,2025-09-17,2026-07-09 13:30,3.1,0,0.25,0.0004,0,0,False,,False
15m,okx,ENA_USDT_SWAP,28345,2025-09-17,2026-07-09 13:30,3.1,0,0.25,0.0,0,0,False,,False
15m,okx,ENJ_USDT_SWAP,38499,2025-06-03,2026-07-09 15:45,0.9,0,0.25,0.0,2,0,False,,False
15m,okx,ENSO_USDT_SWAP,24312,2025-10-29,2026-07-09 15:45,0.9,0,0.25,0.0,0,0,False,,False
15m,okx,ENS_USDT_SWAP,38499,2025-06-03,2026-07-09 15:45,0.9,0,0.25,0.0,2,0,False,,False
15m,gate,EPIC_USDT,10225,2026-03-20,2026-07-04 19:00,117.6,0,0.25,0.0942,0,0,True,zero_vol>0.02|stale>48.0h,True
15m,gate,ESPORTS_USDT,9008,2026-03-30,2026-07-02 11:45,172.9,0,0.25,0.0502,6,0,True,zero_vol>0.02|spikes>=3|stale>48.0h,True
15m,okx,ESP_USDT_SWAP,14304,2026-02-10,2026-07-09 15:45,0.9,0,0.25,0.0001,0,0,False,,False
15m,gate,ETC_USDT,3000,2026-06-03,2026-07-04 19:00,117.6,1,0.5,0.0033,0,0,True,stale>48.0h,False
15m,okx,ETC_USDT,38689,2025-06-01,2026-07-09 13:30,3.1,0,0.25,0.0003,1,0,False,,False
15m,okx,ETC_USDT_SWAP,38586,2025-06-02,2026-07-09 13:30,3.1,0,0.25,0.0,1,0,False,,False
15m,gate,ETHFI_USDT,3000,2026-06-03,2026-07-04 19:00,117.6,1,0.5,0.0047,0,0,True,stale>48.0h,False
15m,okx,ETHFI_USDT,38690,2025-06-01,2026-07-09 13:30,3.1,0,0.25,0.0,2,0,False,,False
15m,okx,ETHFI_USDT_SWAP,38586,2025-06-02,2026-07-09 13:30,3.1,0,0.25,0.0,2,0,False,,False
15m,gate,ETHW_USDT,3000,2026-06-03,2026-07-04 19:00,117.6,1,0.5,0.178,0,0,True,zero_vol>0.02|stale>48.0h,True
15m,okx,ETHW_USDT_SWAP,38499,2025-06-03,2026-07-09 15:45,0.9,0,0.25,0.0001,2,0,False,,False
15m,gate,ETH_USDT,9381,2026-03-29,2026-07-04 18:45,117.9,0,0.25,0.0,0,0,True,stale>48.0h,False
15m,okx,ETH_USDT,38692,2025-06-01,2026-07-09 13:30,3.1,0,0.25,0.0,0,0,False,,False
15m,okx,ETH_USDT_SWAP,38692,2025-06-01,2026-07-09 13:30,3.1,0,0.25,0.0,0,0,False,,False
15m,gate,EVAA_USDT,9388,2026-03-29,2026-07-04 19:00,117.6,0,0.25,0.0044,0,0,True,stale>48.0h,False
15m,okx,EWJ_USDT_SWAP,11544,2026-03-11,2026-07-09 16:00,0.6,0,0.25,0.0886,0,0,True,zero_vol>0.02,True
15m,okx,EWZ_USDT_SWAP,2044,2026-06-18,2026-07-09 16:00,0.6,0,0.25,0.3694,0,0,True,zero_vol>0.02,True
15m,gate,FARTCOIN_USDT,9388,2026-03-29,2026-07-04 19:00,117.6,0,0.25,0.0001,0,0,True,stale>48.0h,False
15m,okx,FARTCOIN_USDT_SWAP,38499,2025-06-03,2026-07-09 16:00,0.6,0,0.25,0.0,2,0,False,,False
15m,gate,FET_USDT,9083,2026-03-29,2026-07-02 06:30,178.1,0,0.25,0.0011,0,0,True,stale>48.0h,False
15m,gate,FIGHT_USDT,3000,2026-06-03,2026-07-04 19:00,117.6,1,0.5,0.055,0,0,True,zero_vol>0.02|stale>48.0h,True
15m,gate,FIL_USDT,9382,2026-03-29,2026-07-04 19:00,117.6,0,0.25,0.0001,0,0,True,stale>48.0h,False
15m,okx,FIL_USDT,38691,2025-06-01,2026-07-09 13:30,3.1,0,0.25,0.0,2,0,False,,False
15m,okx,FIL_USDT_SWAP,38586,2025-06-02,2026-07-09 13:30,3.1,0,0.25,0.0,2,0,False,,False
15m,okx,FLNC_USDT_SWAP,2714,2026-06-11,2026-07-09 16:00,0.6,0,0.25,0.0612,0,0,True,zero_vol>0.02,True
15m,gate,FLOKI_USDT,3000,2026-06-03,2026-07-04 19:00,117.6,1,0.5,0.025,0,0,True,zero_vol>0.02|stale>48.0h,False
15m,okx,FLOKI_USDT_SWAP,38499,2025-06-03,2026-07-09 16:00,0.6,0,0.25,0.0,1,0,False,,False
15m,okx,FLOW_USDT_SWAP,38499,2025-06-03,2026-07-09 16:00,0.6,0,0.25,0.0,2,0,False,,False
15m,gate,FLUID_USDT,9023,2026-03-30,2026-07-02 10:15,174.4,0,0.25,0.2693,0,0,True,zero_vol>0.02|stale>48.0h,True
15m,okx,FOGO_USDT_SWAP,17282,2026-01-10,2026-07-09 16:00,0.6,0,0.25,0.0,0,0,False,,False
15m,okx,F_USDT_SWAP,24705,2025-10-25,2026-07-09 16:00,0.6,0,0.25,0.0009,0,0,False,,False
15m,gate,GALA_USDT,3000,2026-06-03,2026-07-04 19:00,117.6,1,0.5,0.0007,0,0,True,stale>48.0h,False
15m,okx,GALA_USDT,38690,2025-06-01,2026-07-09 13:30,3.1,0,0.25,0.0049,1,0,False,,False
15m,okx,GALA_USDT_SWAP,38586,2025-06-02,2026-07-09 13:30,3.1,0,0.25,0.0,1,0,False,,False
15m,okx,GAS_USDT_SWAP,38499,2025-06-03,2026-07-09 16:00,0.6,0,0.25,0.0004,1,0,False,,False
15m,okx,GEV_USDT_SWAP,4733,2026-05-21,2026-07-09 16:00,0.6,0,0.25,0.1204,0,0,True,zero_vol>0.02,True
15m,okx,GIGGLE_USDT_SWAP,24709,2025-10-25,2026-07-09 16:00,0.6,0,0.25,0.0,2,0,False,,False
15m,okx,GME_USDT_SWAP,5980,2026-05-08,2026-07-09 16:15,0.4,0,0.25,0.1737,0,0,True,zero_vol>0.02,True
15m,okx,GMT_USDT_SWAP,1499,2026-06-19,2026-07-04 18:45,117.9,0,0.25,0.0,0,0,True,stale>48.0h,False
15m,okx,GPS_USDT_SWAP,1499,2026-06-19,2026-07-04 18:45,117.9,0,0.25,0.0,0,0,True,stale>48.0h,False
15m,gate,GRAM_USDT,1749,2026-06-16,2026-07-04 19:00,117.6,0,0.25,0.0,0,0,True,stale>48.0h,False
15m,okx,GRASS_USDT,5264,2026-04-24,2026-06-18 09:45,510.9,0,0.25,0.0036,0,0,True,stale>48.0h,False
15m,okx,GRT_USDT,38689,2025-06-01,2026-07-09 13:30,3.1,0,0.25,0.0617,1,0,True,zero_vol>0.02,True
15m,okx,GRT_USDT_SWAP,38586,2025-06-02,2026-07-09 13:30,3.1,0,0.25,0.0,1,0,False,,False
15m,gate,GUA_USDT,9251,2026-03-30,2026-07-04 19:00,117.6,0,0.25,0.0032,5,0,True,spikes>=3|stale>48.0h,False
15m,gate,GUN_USDT,3000,2026-06-03,2026-07-04 19:00,117.6,1,0.5,0.0307,0,0,True,zero_vol>0.02|stale>48.0h,False
15m,gate,GWEI_USDT,9465,2026-03-28,2026-07-04 19:00,117.6,0,0.25,0.0201,0,0,True,zero_vol>0.02|stale>48.0h,False
15m,okx,HBAR_USDT,38691,2025-06-01,2026-07-09 13:30,3.1,0,0.25,0.0001,1,0,False,,False
15m,okx,HBAR_USDT_SWAP,38586,2025-06-02,2026-07-09 13:30,3.1,0,0.25,0.0,1,0,False,,False
15m,gate,HEI_USDT,3000,2026-06-03,2026-07-04 19:00,117.6,1,0.5,0.0003,0,0,True,stale>48.0h,False
15m,gate,HEMI_USDT,9024,2026-03-30,2026-07-02 10:15,174.4,0,0.25,0.0463,0,0,True,zero_vol>0.02|stale>48.0h,False
15m,gate,HFT_USDT,3000,2026-06-03,2026-07-04 19:00,117.6,1,0.5,0.0437,0,0,True,zero_vol>0.02|stale>48.0h,False
15m,gate,HMSTR_USDT,3000,2026-06-03,2026-07-04 18:45,117.9,1,0.5,0.0003,0,0,True,stale>48.0h,False
15m,okx,HMSTR_USDT,2311,2026-05-25,2026-06-18 01:45,518.9,0,0.25,0.0017,0,0,True,stale>48.0h,False
15m,okx,HMSTR_USDT_SWAP,1499,2026-06-19,2026-07-04 18:45,117.9,0,0.25,0.0,0,0,True,stale>48.0h,False
15m,gate,HYPE_USDT,9381,2026-03-29,2026-07-04 18:45,117.9,0,0.25,0.0,0,0,True,stale>48.0h,False
15m,okx,HYPE_USDT,23711,2025-11-04,2026-07-09 13:30,3.1,0,0.25,0.0,0,0,False,,False
15m,okx,HYPE_USDT_SWAP,38586,2025-06-02,2026-07-09 13:30,3.1,0,0.25,0.0,0,0,False,,False
15m,gate,H_USDT,9388,2026-03-29,2026-07-04 19:00,117.6,0,0.25,0.0003,6,0,True,spikes>=3|stale>48.0h,False
15m,okx,H_USDT_SWAP,1499,2026-06-19,2026-07-04 18:45,117.9,0,0.25,0.0,0,0,True,stale>48.0h,False
15m,gate,ICP_USDT,9233,2026-03-30,2026-07-04 19:00,117.6,0,0.25,0.0002,0,0,True,stale>48.0h,False
15m,okx,ICP_USDT,38691,2025-06-01,2026-07-09 13:30,3.1,0,0.25,0.0003,1,0,False,,False
15m,okx,ICP_USDT_SWAP,38586,2025-06-02,2026-07-09 13:30,3.1,0,0.25,0.0,1,0,False,,False
15m,gate,ID_USDT,3000,2026-06-03,2026-07-04 19:00,117.6,1,0.5,0.0017,0,0,True,stale>48.0h,False
15m,okx,ID_USDT,38690,2025-06-01,2026-07-09 13:30,3.1,0,0.25,0.1578,1,0,True,zero_vol>0.02,True
15m,gate,IMX_USDT,3000,2026-06-03,2026-07-04 19:00,117.6,1,0.5,0.046,0,0,True,zero_vol>0.02|stale>48.0h,False
15m,okx,IMX_USDT_SWAP,1499,2026-06-19,2026-07-04 18:45,117.9,0,0.25,0.0,0,0,True,stale>48.0h,False
15m,gate,INJ_USDT,9012,2026-03-30,2026-07-02 11:00,173.6,0,0.25,0.0234,0,0,True,zero_vol>0.02|stale>48.0h,False
15m,okx,INJ_USDT,38691,2025-06-01,2026-07-09 13:30,3.1,0,0.25,0.0031,1,0,False,,False
15m,okx,INJ_USDT_SWAP,38585,2025-06-02,2026-07-09 13:30,3.1,0,0.25,0.0,1,0,False,,False
15m,gate,IN_USDT,9145,2026-03-29,2026-07-02 07:00,177.6,0,0.25,0.1223,0,0,True,zero_vol>0.02|stale>48.0h,True
15m,okx,IOST_USDT_SWAP,1499,2026-06-19,2026-07-04 18:45,117.9,0,0.25,0.0,0,0,True,stale>48.0h,False
15m,okx,IP_USDT,17699,2025-12-16,2026-06-18 14:45,505.9,0,0.25,0.0,0,0,True,stale>48.0h,False
15m,gate,JCT_USDT,3000,2026-06-03,2026-07-04 19:00,117.6,1,0.5,0.0077,0,0,True,stale>48.0h,False
15m,gate,JTO_USDT,9382,2026-03-29,2026-07-04 19:00,117.6,0,0.25,0.0113,0,0,True,stale>48.0h,False
15m,okx,JTO_USDT,38690,2025-06-01,2026-07-09 13:30,3.1,0,0.25,0.0002,2,0,False,,False
15m,okx,JTO_USDT_SWAP,38585,2025-06-02,2026-07-09 13:30,3.1,0,0.25,0.0,2,0,False,,False
15m,gate,JUP_USDT,9071,2026-03-29,2026-07-02 06:30,178.1,0,0.25,0.0168,0,0,True,stale>48.0h,False
15m,gate,KAS_USDT,9146,2026-03-29,2026-07-02 06:30,178.1,0,0.25,0.0119,0,0,True,stale>48.0h,False
15m,okx,KAT_USDT_SWAP,1499,2026-06-19,2026-07-04 18:45,117.9,0,0.25,0.0,0,0,True,stale>48.0h,False
15m,gate,LAB_USDT,9464,2026-03-28,2026-07-04 18:45,117.9,0,0.25,0.0112,8,0,True,spikes>=3|stale>48.0h,True
15m,okx,LAB_USDT_SWAP,1499,2026-06-19,2026-07-04 18:45,117.9,0,0.25,0.0,0,0,True,stale>48.0h,False
15m,okx,LINEA_USDT_SWAP,1499,2026-06-19,2026-07-04 18:45,117.9,0,0.25,0.0,0,0,True,stale>48.0h,False
15m,gate,LINK_USDT,9382,2026-03-29,2026-07-04 19:00,117.6,0,0.25,0.0001,0,0,True,stale>48.0h,False
15m,okx,LINK_USDT,38692,2025-06-01,2026-07-09 13:30,3.1,0,0.25,0.0,2,0,False,,False
15m,okx,LINK_USDT_SWAP,38585,2025-06-02,2026-07-09 13:30,3.1,0,0.25,0.0,2,0,False,,False
15m,gate,LITE_USDT,9024,2026-03-30,2026-07-02 10:15,174.4,0,0.25,0.0001,0,0,True,stale>48.0h,False
15m,gate,LIT_USDT,9381,2026-03-29,2026-07-04 19:00,117.6,0,0.25,0.0055,0,0,True,stale>48.0h,False
15m,okx,LIT_USDT,14782,2026-01-15,2026-06-18 14:45,505.9,0,0.25,0.0004,0,0,True,stale>48.0h,False
15m,gate,LTC_USDT,9382,2026-03-29,2026-07-04 19:00,117.6,0,0.25,0.0001,0,0,True,stale>48.0h,False
15m,okx,LTC_USDT,38692,2025-06-01,2026-07-09 13:30,3.1,0,0.25,0.0,1,0,False,,False
15m,okx,LTC_USDT_SWAP,38485,2025-06-03,2026-07-09 13:30,3.1,0,0.25,0.0,1,0,False,,False
15m,gate,MAGMA_USDT,9249,2026-03-30,2026-07-04 18:45,117.9,0,0.25,0.0354,1,0,True,zero_vol>0.02|stale>48.0h,False
15m,gate,MANTA_USDT,9008,2026-03-29,2026-06-30 21:45,210.9,0,0.25,0.0749,0,0,True,zero_vol>0.02|stale>48.0h,True
15m,okx,MEGA_USDT,4700,2026-04-30,2026-06-18 09:45,510.9,0,0.25,0.0,0,0,True,stale>48.0h,False
15m,okx,MEGA_USDT_SWAP,1499,2026-06-19,2026-07-04 18:45,117.9,0,0.25,0.0,0,0,True,stale>48.0h,False
15m,okx,MEME_USDT_SWAP,1499,2026-06-19,2026-07-04 18:45,117.9,0,0.25,0.0,0,0,True,stale>48.0h,False
15m,gate,METAX_USDT,9009,2026-03-30,2026-07-02 11:45,172.9,0,0.25,0.0012,0,0,True,stale>48.0h,False
15m,gate,MET_USDT,9249,2026-03-30,2026-07-04 19:00,117.6,0,0.25,0.0884,0,0,True,zero_vol>0.02|stale>48.0h,True
15m,okx,MET_USDT_SWAP,1499,2026-06-19,2026-07-04 18:45,117.9,0,0.25,0.0,0,0,True,stale>48.0h,False
15m,okx,MEW_USDT_SWAP,1499,2026-06-19,2026-07-04 18:45,117.9,0,0.25,0.0,0,0,True,stale>48.0h,False
15m,gate,ME_USDT,9030,2026-03-30,2026-07-02 12:45,171.9,0,0.25,0.063,0,0,True,zero_vol>0.02|stale>48.0h,True
15m,gate,MINA_USDT,3000,2026-06-03,2026-07-04 19:00,117.6,1,0.5,0.087,0,0,True,zero_vol>0.02|stale>48.0h,True
15m,okx,MINA_USDT_SWAP,1499,2026-06-19,2026-07-04 18:45,117.9,0,0.25,0.0,0,0,True,stale>48.0h,False
15m,gate,MIRA_USDT,3000,2026-06-03,2026-07-04 19:00,117.6,1,0.5,0.0753,0,0,True,zero_vol>0.02|stale>48.0h,True
15m,okx,MON_USDT,8359,2026-03-23,2026-06-18 12:30,508.1,0,0.25,0.0004,0,0,True,stale>48.0h,False
15m,gate,MORPHO_USDT,9041,2026-03-30,2026-07-02 08:15,176.4,0,0.25,0.0811,0,0,True,zero_vol>0.02|stale>48.0h,True
15m,gate,MOVR_USDT,3000,2026-06-03,2026-07-04 19:00,117.6,1,0.5,0.007,0,0,True,stale>48.0h,False
15m,gate,MUBARAK_USDT,3000,2026-06-03,2026-07-04 19:00,117.6,1,0.5,0.083,0,0,True,zero_vol>0.02|stale>48.0h,True
15m,okx,MUBARAK_USDT_SWAP,1499,2026-06-19,2026-07-04 18:45,117.9,0,0.25,0.008,0,0,True,stale>48.0h,False
15m,gate,MYX_USDT,9012,2026-03-29,2026-06-30 21:00,211.6,0,0.25,0.0006,0,0,True,stale>48.0h,False
15m,gate,M_USDT,9388,2026-03-29,2026-07-04 19:00,117.6,0,0.25,0.0028,2,0,True,stale>48.0h,False
15m,gate,NEAR_USDT,9382,2026-03-29,2026-07-04 19:00,117.6,0,0.25,0.0,0,0,True,stale>48.0h,False
15m,okx,NEAR_USDT,38691,2025-06-01,2026-07-09 13:30,3.1,0,0.25,0.0,0,0,False,,False
15m,okx,NEAR_USDT_SWAP,38585,2025-06-02,2026-07-09 13:30,3.1,0,0.25,0.0,0,0,False,,False
15m,okx,NEIRO_USDT_SWAP,1499,2026-06-19,2026-07-04 18:45,117.9,0,0.25,0.0,0,0,True,stale>48.0h,False
15m,gate,NES_USDT,985,2026-06-24,2026-07-04 19:00,117.6,0,0.25,0.0,0,0,True,stale>48.0h,False
15m,gate,NFP_USDT,9339,2026-03-29,2026-07-04 19:00,117.6,0,0.25,0.0526,4,0,True,zero_vol>0.02|spikes>=3|stale>48.0h,True
15m,okx,NIGHT_USDT,17699,2025-12-16,2026-06-18 14:45,505.9,0,0.25,0.0,0,0,True,stale>48.0h,False
15m,gate,NOM_USDT,9258,2026-03-30,2026-07-04 19:00,117.6,0,0.25,0.0199,0,0,True,stale>48.0h,False
15m,gate,NOT_USDT,3000,2026-06-03,2026-07-04 19:00,117.6,1,0.5,0.094,0,0,True,zero_vol>0.02|stale>48.0h,True
15m,okx,NOT_USDT_SWAP,1499,2026-06-19,2026-07-04 18:45,117.9,0,0.25,0.0,0,0,True,stale>48.0h,False
15m,okx,OFC_USDT,6731,2026-04-09,2026-06-18 12:30,508.1,0,0.25,0.0001,0,0,True,stale>48.0h,False
15m,okx,OFC_USDT_SWAP,1499,2026-06-19,2026-07-04 18:45,117.9,0,0.25,0.0,0,0,True,stale>48.0h,False
15m,gate,OGN_USDT,3000,2026-06-03,2026-07-04 19:00,117.6,1,0.5,0.2653,0,0,True,zero_vol>0.02|stale>48.0h,True
15m,okx,OKB_USDT,38689,2025-06-01,2026-07-09 13:30,3.1,0,0.25,0.0,3,0,True,spikes>=3,False
15m,okx,OKB_USDT_SWAP,29615,2025-09-04,2026-07-09 13:30,3.1,0,0.25,0.0,1,0,False,,False
15m,gate,ONDO_USDT,9258,2026-03-30,2026-07-04 19:00,117.6,0,0.25,0.0,0,0,True,stale>48.0h,False
15m,okx,ONDO_USDT,38690,2025-06-01,2026-07-09 13:30,3.1,0,0.25,0.0,2,0,False,,False
15m,okx,ONDO_USDT_SWAP,38585,2025-06-02,2026-07-09 13:30,3.1,0,0.25,0.0,2,0,False,,False
15m,gate,OPEN_USDT,3000,2026-06-03,2026-07-04 19:00,117.6,1,0.5,0.0057,0,0,True,stale>48.0h,False
15m,okx,OP_USDT,38691,2025-06-01,2026-07-09 13:30,3.1,0,0.25,0.0001,2,0,False,,False
15m,okx,OP_USDT_SWAP,38585,2025-06-02,2026-07-09 13:30,3.1,0,0.25,0.0,2,0,False,,False
15m,gate,ORDI_USDT,9140,2026-03-29,2026-07-02 06:30,178.1,0,0.25,0.0035,0,0,True,stale>48.0h,False
15m,okx,ORDI_USDT,38691,2025-06-01,2026-07-09 13:30,3.1,0,0.25,0.0007,2,0,False,,False
15m,okx,ORDI_USDT_SWAP,38585,2025-06-02,2026-07-09 13:30,3.1,0,0.25,0.0,2,0,False,,False
15m,gate,O_USDT,1579,2026-06-18,2026-07-04 19:00,117.6,0,0.25,0.0,0,0,True,stale>48.0h,False
15m,okx,O_USDT_SWAP,1499,2026-06-19,2026-07-04 18:45,117.9,0,0.25,0.0,0,0,True,stale>48.0h,False
15m,gate,PENGU_USDT,3000,2026-06-03,2026-07-04 19:00,117.6,1,0.5,0.001,0,0,True,stale>48.0h,False
15m,okx,PENGU_USDT,38690,2025-06-01,2026-07-09 13:30,3.1,0,0.25,0.0,2,0,False,,False
15m,okx,PENGU_USDT_SWAP,38585,2025-06-02,2026-07-09 13:30,3.1,0,0.25,0.0,2,0,False,,False
15m,okx,PEOPLE_USDT_SWAP,1499,2026-06-19,2026-07-04 18:45,117.9,0,0.25,0.0,0,0,True,stale>48.0h,False
15m,gate,PEPE_USDT,9381,2026-03-29,2026-07-04 18:45,117.9,0,0.25,0.0001,0,0,True,stale>48.0h,False
15m,okx,PEPE_USDT,38691,2025-06-01,2026-07-09 13:30,3.1,0,0.25,0.0,2,0,False,,False
15m,okx,PEPE_USDT_SWAP,38584,2025-06-02,2026-07-09 13:30,3.1,0,0.25,0.0,2,0,False,,False
15m,gate,PIPPIN_USDT,3000,2026-06-03,2026-07-04 19:00,117.6,1,0.5,0.005,0,0,True,stale>48.0h,False
15m,okx,PIPPIN_USDT_SWAP,1499,2026-06-19,2026-07-04 18:45,117.9,0,0.25,0.0,0,0,True,stale>48.0h,False
15m,gate,PI_USDT,9382,2026-03-29,2026-07-04 19:00,117.6,0,0.25,0.0002,0,0,True,stale>48.0h,False
15m,okx,PI_USDT,38690,2025-06-01,2026-07-09 13:30,3.1,0,0.25,0.0,0,0,False,,False
15m,okx,PI_USDT_SWAP,38584,2025-06-02,2026-07-09 13:30,3.1,0,0.25,0.0,0,0,False,,False
15m,gate,PLAY_USDT,3000,2026-06-03,2026-07-04 19:00,117.6,1,0.5,0.0433,1,0,True,zero_vol>0.02|stale>48.0h,False
15m,okx,POL_USDT,38689,2025-06-01,2026-07-09 13:30,3.1,0,0.25,0.0001,1,0,False,,False
15m,okx,POL_USDT_SWAP,38584,2025-06-02,2026-07-09 13:30,3.1,0,0.25,0.0,1,0,False,,False
15m,gate,PTB_USDT,9024,2026-03-30,2026-07-02 10:15,174.4,0,0.25,0.0123,1,0,True,stale>48.0h,False
15m,gate,PUMP_USDT,9354,2026-03-29,2026-07-04 19:00,117.6,0,0.25,0.0015,0,0,True,stale>48.0h,False
15m,okx,PUMP_USDT,17699,2025-12-16,2026-06-18 14:45,505.9,0,0.25,0.0,0,0,True,stale>48.0h,False
15m,okx,PUMP_USDT_SWAP,1499,2026-06-19,2026-07-04 18:45,117.9,0,0.25,0.0,0,0,True,stale>48.0h,False
15m,gate,PYTH_USDT,9036,2026-03-29,2026-07-01 12:00,196.6,0,0.25,0.0367,0,0,True,zero_vol>0.02|stale>48.0h,False
15m,gate,Q_USDT,3000,2026-06-03,2026-07-04 19:00,117.6,1,0.5,0.117,0,0,True,zero_vol>0.02|stale>48.0h,True
15m,gate,RAVE_USDT,9388,2026-03-29,2026-07-04 19:00,117.6,0,0.25,0.0219,8,0,True,zero_vol>0.02|spikes>=3|stale>48.0h,True
15m,okx,RAVE_USDT_SWAP,1499,2026-06-19,2026-07-04 18:45,117.9,0,0.25,0.0,0,0,True,stale>48.0h,False
15m,gate,RESOLV_USDT,9061,2026-03-29,2026-07-02 07:00,177.6,0,0.25,0.0088,0,0,True,stale>48.0h,False
15m,okx,RESOLV_USDT_SWAP,1499,2026-06-19,2026-07-04 18:45,117.9,0,0.25,0.0,0,0,True,stale>48.0h,False
15m,gate,RE_USDT,1240,2026-06-18,2026-07-01 11:45,196.9,0,0.25,0.0,1,0,True,stale>48.0h,False
15m,gate,RIF_USDT,9247,2026-03-30,2026-07-04 19:00,117.6,0,0.25,0.1674,0,0,True,zero_vol>0.02|stale>48.0h,True
15m,okx,RLS_USDT_SWAP,1499,2026-06-19,2026-07-04 18:45,117.9,0,0.25,0.0,0,0,True,stale>48.0h,False
15m,gate,RPL_USDT,3000,2026-06-03,2026-07-04 19:00,117.6,1,0.5,0.1357,0,0,True,zero_vol>0.02|stale>48.0h,True
15m,okx,RSR_USDT_SWAP,1499,2026-06-19,2026-07-04 18:45,117.9,0,0.25,0.0,0,0,True,stale>48.0h,False
15m,okx,SAHARA_USDT_SWAP,1499,2026-06-19,2026-07-04 18:45,117.9,0,0.25,0.0,0,0,True,stale>48.0h,False
15m,gate,SAMSUNG_USDT,2884,2026-06-02,2026-07-02 06:45,177.9,0,0.25,0.0,0,0,True,stale>48.0h,False
15m,okx,SAND_USDT,38689,2025-06-01,2026-07-09 13:30,3.1,0,0.25,0.0067,1,0,False,,False
15m,okx,SAND_USDT_SWAP,38584,2025-06-02,2026-07-09 13:30,3.1,0,0.25,0.0,1,0,False,,False
15m,okx,SATS_USDT_SWAP,1499,2026-06-19,2026-07-04 18:45,117.9,0,0.25,0.0007,0,0,True,stale>48.0h,False
15m,gate,SCRT_USDT,3000,2026-06-03,2026-07-04 19:00,117.6,1,0.5,0.2497,0,0,True,zero_vol>0.02|stale>48.0h,True
15m,okx,SENT_USDT,2311,2026-05-25,2026-06-18 01:45,518.9,0,0.25,0.0056,0,0,True,stale>48.0h,False
15m,okx,SENT_USDT_SWAP,1499,2026-06-19,2026-07-04 18:45,117.9,0,0.25,0.0,0,0,True,stale>48.0h,False
15m,gate,SHIB_USDT,3000,2026-06-03,2026-07-04 19:00,117.6,1,0.5,0.0047,0,0,True,stale>48.0h,False
15m,okx,SHIB_USDT,38691,2025-06-01,2026-07-09 13:30,3.1,0,0.25,0.0,1,0,False,,False
15m,okx,SHIB_USDT_SWAP,38584,2025-06-02,2026-07-09 13:30,3.1,0,0.25,0.0,1,0,False,,False
15m,gate,SIREN_USDT,3000,2026-06-03,2026-07-04 19:00,117.6,1,0.5,0.0,0,0,True,stale>48.0h,False
15m,gate,SKSQUARE_USDT,1016,2026-06-24,2026-07-04 19:00,117.6,0,0.25,0.0,0,0,True,stale>48.0h,False
15m,gate,SKYAI_USDT,9465,2026-03-28,2026-07-04 19:00,117.6,0,0.25,0.0004,2,0,True,stale>48.0h,False
15m,gate,SLX_USDT,3805,2026-05-26,2026-07-04 19:00,117.6,0,0.25,0.0,1,0,True,stale>48.0h,False
15m,okx,SLX_USDT_SWAP,1499,2026-06-19,2026-07-04 18:45,117.9,0,0.25,0.0,0,0,True,stale>48.0h,False
15m,gate,SOL_USDT,9381,2026-03-29,2026-07-04 18:45,117.9,0,0.25,0.0,0,0,True,stale>48.0h,False
15m,okx,SOL_USDT,38692,2025-06-01,2026-07-09 13:30,3.1,0,0.25,0.0,0,0,False,,False
15m,okx,SOL_USDT_SWAP,38584,2025-06-02,2026-07-09 13:30,3.1,0,0.25,0.0,0,0,False,,False
15m,gate,SOXL_USDT,4929,2026-05-14,2026-07-04 19:00,117.6,0,0.25,0.0002,0,0,True,stale>48.0h,False
15m,okx,SPACE_USDT,14028,2026-01-23,2026-06-18 14:45,505.9,0,0.25,0.0002,0,0,True,stale>48.0h,False
15m,okx,SPACE_USDT_SWAP,1499,2026-06-19,2026-07-04 18:45,117.9,0,0.25,0.0,0,0,True,stale>48.0h,False
15m,gate,SPX_USDT,3000,2026-06-03,2026-07-04 19:00,117.6,1,0.5,0.0093,0,0,True,stale>48.0h,False
15m,gate,SUI_USDT,9381,2026-03-29,2026-07-04 18:45,117.9,0,0.25,0.0,0,0,True,stale>48.0h,False
15m,okx,SUI_USDT,38691,2025-06-01,2026-07-09 13:30,3.1,0,0.25,0.0,1,0,False,,False
15m,okx,SUI_USDT_SWAP,38584,2025-06-02,2026-07-09 13:30,3.1,0,0.25,0.0,1,0,False,,False
15m,gate,TAC_USDT,9465,2026-03-28,2026-07-04 19:00,117.6,0,0.25,0.0913,0,0,True,zero_vol>0.02|stale>48.0h,True
15m,gate,TAG_USDT,3000,2026-06-03,2026-07-04 19:00,117.6,1,0.5,0.041,0,0,True,zero_vol>0.02|stale>48.0h,False
15m,gate,TAIKO_USDT,9384,2026-03-29,2026-07-04 19:00,117.6,0,0.25,0.2643,3,0,True,zero_vol>0.02|spikes>=3|stale>48.0h,True
15m,gate,TAKE_USDT,3000,2026-06-03,2026-07-04 19:00,117.6,1,0.5,0.1223,0,0,True,zero_vol>0.02|stale>48.0h,True
15m,gate,TAO_USDT,9388,2026-03-29,2026-07-04 19:00,117.6,0,0.25,0.0002,0,0,True,stale>48.0h,False
15m,gate,TA_USDT,3000,2026-06-03,2026-07-04 19:00,117.6,1,0.5,0.0357,0,0,True,zero_vol>0.02|stale>48.0h,False
15m,gate,THE_USDT,3000,2026-06-03,2026-07-04 19:00,117.6,1,0.5,0.217,1,0,True,zero_vol>0.02|stale>48.0h,True
15m,okx,TIA_USDT,38691,2025-06-01,2026-07-09 13:30,3.1,0,0.25,0.0,2,0,False,,False
15m,okx,TIA_USDT_SWAP,38584,2025-06-02,2026-07-09 13:30,3.1,0,0.25,0.0,2,0,False,,False
15m,gate,TLM_USDT,9273,2026-03-30,2026-07-04 18:45,117.9,0,0.25,0.115,0,0,True,zero_vol>0.02|stale>48.0h,True
15m,gate,TOWNS_USDT,3000,2026-06-03,2026-07-04 19:00,117.6,1,0.5,0.235,0,0,True,zero_vol>0.02|stale>48.0h,True
15m,gate,TRB_USDT,3000,2026-06-03,2026-07-04 19:00,117.6,1,0.5,0.0927,0,0,True,zero_vol>0.02|stale>48.0h,True
15m,okx,TRIA_USDT_SWAP,1499,2026-06-19,2026-07-04 18:45,117.9,0,0.25,0.0,0,0,True,stale>48.0h,False
15m,gate,TRUMP_USDT,9339,2026-03-29,2026-07-04 19:00,117.6,0,0.25,0.0,0,0,True,stale>48.0h,False
15m,okx,TRUMP_USDT,38690,2025-06-01,2026-07-09 13:30,3.1,0,0.25,0.0,1,0,False,,False
15m,okx,TRUMP_USDT_SWAP,38584,2025-06-02,2026-07-09 13:30,3.1,0,0.25,0.0,1,0,False,,False
15m,gate,TRX_USDT,9382,2026-03-29,2026-07-04 19:00,117.6,0,0.25,0.0037,0,0,True,stale>48.0h,False
15m,okx,TRX_USDT,38692,2025-06-01,2026-07-09 13:30,3.1,0,0.25,0.0,0,0,False,,False
15m,okx,TRX_USDT_SWAP,38584,2025-06-02,2026-07-09 13:30,3.1,0,0.25,0.0,0,0,False,,False
15m,gate,TSTBSC_USDT,3000,2026-06-03,2026-07-04 19:00,117.6,1,0.5,0.1597,0,0,True,zero_vol>0.02|stale>48.0h,True
15m,okx,TURBO_USDT_SWAP,1499,2026-06-19,2026-07-04 18:45,117.9,0,0.25,0.0,0,0,True,stale>48.0h,False
15m,gate,UAI_USDT,3000,2026-06-03,2026-07-04 19:00,117.6,1,0.5,0.005,0,0,True,stale>48.0h,False
15m,gate,UB_USDT,9465,2026-03-28,2026-07-04 19:00,117.6,0,0.25,0.0041,0,0,True,stale>48.0h,False
15m,okx,UB_USDT_SWAP,1499,2026-06-19,2026-07-04 18:45,117.9,0,0.25,0.0,0,0,True,stale>48.0h,False
15m,gate,UNI_USDT,9382,2026-03-29,2026-07-04 19:00,117.6,0,0.25,0.0004,0,0,True,stale>48.0h,False
15m,okx,UNI_USDT,38692,2025-06-01,2026-07-09 13:30,3.1,0,0.25,0.0,3,0,True,spikes>=3,False
15m,okx,UNI_USDT_SWAP,38584,2025-06-02,2026-07-09 13:30,3.1,0,0.25,0.0,3,0,True,spikes>=3,False
15m,gate,UP_USDT,3000,2026-06-03,2026-07-04 19:00,117.6,1,0.5,0.031,0,0,True,zero_vol>0.02|stale>48.0h,False
15m,okx,UP_USDT_SWAP,1499,2026-06-19,2026-07-04 18:45,117.9,0,0.25,0.0,0,0,True,stale>48.0h,False
15m,gate,US_USDT,9023,2026-03-30,2026-07-02 10:15,174.4,0,0.25,0.0546,2,0,True,zero_vol>0.02|stale>48.0h,True
15m,gate,VANRY_USDT,3000,2026-06-03,2026-07-04 19:00,117.6,1,0.5,0.105,0,0,True,zero_vol>0.02|stale>48.0h,True
15m,gate,VELODROME_USDT,3000,2026-06-03,2026-07-04 19:00,117.6,1,0.5,0.2203,0,0,True,zero_vol>0.02|stale>48.0h,True
15m,gate,VELVET_USDT,10318,2026-03-19,2026-07-04 19:00,117.6,0,0.25,0.1096,3,0,True,zero_vol>0.02|spikes>=3|stale>48.0h,True
15m,gate,VIRTUAL_USDT,9024,2026-03-30,2026-07-02 10:15,174.4,0,0.25,0.0009,0,0,True,stale>48.0h,False
15m,okx,VIRTUAL_USDT,24407,2025-10-28,2026-07-09 13:30,3.1,0,0.25,0.0024,0,0,False,,False
15m,okx,VIRTUAL_USDT_SWAP,38583,2025-06-02,2026-07-09 13:30,3.1,0,0.25,0.0,2,0,False,,False
15m,gate,VVV_USDT,9313,2026-03-29,2026-07-04 19:00,117.6,0,0.25,0.0006,0,0,True,stale>48.0h,False
15m,gate,WIF_USDT,9354,2026-03-29,2026-07-04 19:00,117.6,0,0.25,0.0011,0,0,True,stale>48.0h,False
15m,gate,WLD_USDT,9381,2026-03-29,2026-07-04 18:45,117.9,0,0.25,0.0,0,0,True,stale>48.0h,False
15m,okx,WLD_USDT,38691,2025-06-01,2026-07-09 13:30,3.1,0,0.25,0.0,2,0,False,,False
15m,okx,WLD_USDT_SWAP,38583,2025-06-02,2026-07-09 13:30,3.1,0,0.25,0.0,2,0,False,,False
15m,gate,WLFI_USDT,9382,2026-03-29,2026-07-04 19:00,117.6,0,0.25,0.0,0,0,True,stale>48.0h,False
15m,okx,WLFI_USDT,17699,2025-12-16,2026-06-18 15:00,505.6,0,0.25,0.0,0,0,True,stale>48.0h,False
15m,okx,WLFI_USDT_SWAP,1499,2026-06-19,2026-07-04 18:45,117.9,0,0.25,0.0,0,0,True,stale>48.0h,False
15m,okx,W_USDT_SWAP,1499,2026-06-19,2026-07-04 18:45,117.9,0,0.25,0.0,0,0,True,stale>48.0h,False
15m,gate,XLM_USDT,9382,2026-03-29,2026-07-04 19:00,117.6,0,0.25,0.0006,0,0,True,stale>48.0h,False
15m,okx,XLM_USDT,38691,2025-06-01,2026-07-09 13:30,3.1,0,0.25,0.0,0,0,False,,False
15m,okx,XLM_USDT_SWAP,38583,2025-06-02,2026-07-09 13:30,3.1,0,0.25,0.0,0,0,False,,False
15m,gate,XNY_USDT,3000,2026-06-03,2026-07-04 19:00,117.6,1,0.5,0.198,0,0,True,zero_vol>0.02|stale>48.0h,True
15m,gate,XPL_USDT,9382,2026-03-29,2026-07-04 19:00,117.6,0,0.25,0.0001,0,0,True,stale>48.0h,False
15m,okx,XPL_USDT,17699,2025-12-16,2026-06-18 15:00,505.6,0,0.25,0.0,0,0,True,stale>48.0h,False
15m,okx,XPL_USDT_SWAP,1499,2026-06-19,2026-07-04 18:45,117.9,0,0.25,0.0,0,0,True,stale>48.0h,False
15m,gate,XRP_USDT,9381,2026-03-29,2026-07-04 18:45,117.9,0,0.25,0.0001,0,0,True,stale>48.0h,False
15m,okx,XRP_USDT,38692,2025-06-01,2026-07-09 13:30,3.1,0,0.25,0.0,0,0,False,,False
15m,okx,XRP_USDT_SWAP,38583,2025-06-02,2026-07-09 13:30,3.1,0,0.25,0.0,0,0,False,,False
15m,okx,ZAMA_USDT,9059,2026-03-16,2026-06-18 09:45,510.9,0,0.25,0.0033,0,0,True,stale>48.0h,False
15m,gate,ZBT_USDT,9089,2026-03-29,2026-07-02 07:00,177.6,0,0.25,0.0221,0,0,True,zero_vol>0.02|stale>48.0h,False
15m,gate,ZEC_USDT,9381,2026-03-29,2026-07-04 18:45,117.9,0,0.25,0.0,0,0,True,stale>48.0h,False
15m,okx,ZEC_USDT,21799,2025-11-24,2026-07-09 13:30,3.1,0,0.25,0.0,0,0,False,,False
15m,okx,ZEC_USDT_SWAP,23562,2025-11-06,2026-07-09 13:30,3.1,0,0.25,0.0,0,0,False,,False
15m,gate,ZEREBRO_USDT,3000,2026-06-03,2026-07-04 19:00,117.6,1,0.5,0.0053,0,0,True,stale>48.0h,False
15m,gate,ZETA_USDT,3000,2026-06-03,2026-07-04 19:00,117.6,1,0.5,0.11,0,0,True,zero_vol>0.02|stale>48.0h,True
15m,okx,ZETA_USDT_SWAP,1499,2026-06-19,2026-07-04 18:45,117.9,0,0.25,0.0,0,0,True,stale>48.0h,False
15m,okx,ZIL_USDT_SWAP,1499,2026-06-19,2026-07-04 18:45,117.9,0,0.25,0.0,0,0,True,stale>48.0h,False
15m,gate,ZKP_USDT,3000,2026-06-03,2026-07-04 19:00,117.6,1,0.5,0.134,0,0,True,zero_vol>0.02|stale>48.0h,True
15m,okx,ZKP_USDT_SWAP,1499,2026-06-19,2026-07-04 18:45,117.9,0,0.25,0.0,0,0,True,stale>48.0h,False
15m,okx,ZK_USDT,38689,2025-06-01,2026-07-09 13:30,3.1,0,0.25,0.0022,2,0,False,,False
15m,okx,ZK_USDT_SWAP,38583,2025-06-02,2026-07-09 13:30,3.1,0,0.25,0.0,2,0,False,,False
15m,okx,ZRO_USDT,38690,2025-06-01,2026-07-09 13:30,3.1,0,0.25,0.0018,2,0,False,,False
15m,okx,ZRO_USDT_SWAP,38583,2025-06-02,2026-07-09 13:30,3.1,0,0.25,0.0,2,0,False,,False
15m,gate,ZRX_USDT,3000,2026-06-03,2026-07-04 19:00,117.6,1,0.5,0.1947,0,0,True,zero_vol>0.02|stale>48.0h,True
15m,okx,ZRX_USDT_SWAP,1499,2026-06-19,2026-07-04 18:45,117.9,0,0.25,0.0,0,0,True,stale>48.0h,False
15m,gate,币安人生_USDT,9244,2026-03-30,2026-07-04 19:00,117.6,0,0.25,0.0214,0,0,True,zero_vol>0.02|stale>48.0h,False
15m,gate,我踏马来了_USDT,3000,2026-06-03,2026-07-04 19:00,117.6,1,0.5,0.0987,0,0,True,zero_vol>0.02|stale>48.0h,True
1H,okx,AAVE_USDT_SWAP,9699,2025-05-30,2026-07-08 16:00,24.6,0,1.0,0.0,0,0,False,,False
1H,okx,ADA_USDT_SWAP,9699,2025-05-30,2026-07-08 16:00,24.6,0,1.0,0.0,0,0,False,,False
1H,okx,APE_USDT_SWAP,9699,2025-05-30,2026-07-08 16:00,24.6,0,1.0,0.0,3,0,True,spikes>=3,False
1H,okx,APT_USDT_SWAP,9699,2025-05-30,2026-07-08 16:00,24.6,0,1.0,0.0,0,0,False,,False
1H,okx,ARB_USDT_SWAP,9699,2025-05-30,2026-07-08 16:00,24.6,0,1.0,0.0,0,0,False,,False
1H,okx,ATOM_USDT_SWAP,9699,2025-05-30,2026-07-08 16:00,24.6,0,1.0,0.0,0,0,False,,False
1H,okx,AVAX_USDT_SWAP,9699,2025-05-30,2026-07-08 16:00,24.6,0,1.0,0.0,0,0,False,,False
1H,okx,BCH_USDT_SWAP,9699,2025-05-30,2026-07-08 16:00,24.6,0,1.0,0.0,0,0,False,,False
1H,okx,BNB_USDT_SWAP,9699,2025-05-30,2026-07-08 16:00,24.6,0,1.0,0.0,0,0,False,,False
1H,okx,BTC_USDT_SWAP,9699,2025-05-30,2026-07-08 16:00,24.6,0,1.0,0.0,0,0,False,,False
1H,okx,CFX_USDT_SWAP,9699,2025-05-30,2026-07-08 16:00,24.6,0,1.0,0.0,1,0,False,,False
1H,okx,CHZ_USDT_SWAP,9699,2025-05-30,2026-07-08 16:00,24.6,0,1.0,0.0,0,0,False,,False
1H,okx,CRV_USDT_SWAP,9699,2025-05-30,2026-07-08 16:00,24.6,0,1.0,0.0,1,0,False,,False
1H,okx,DOGE_USDT_SWAP,9699,2025-05-30,2026-07-08 16:00,24.6,0,1.0,0.0,0,0,False,,False
1H,okx,DOT_USDT_SWAP,9699,2025-05-30,2026-07-08 16:00,24.6,0,1.0,0.0,0,0,False,,False
1H,okx,EIGEN_USDT_SWAP,9699,2025-05-30,2026-07-08 16:00,24.6,0,1.0,0.0,1,0,False,,False
1H,okx,ENA_USDT_SWAP,7066,2025-09-17,2026-07-08 16:00,24.6,0,1.0,0.0,0,0,False,,False
1H,okx,ETC_USDT_SWAP,9699,2025-05-30,2026-07-08 16:00,24.6,0,1.0,0.0,1,0,False,,False
1H,okx,ETHFI_USDT_SWAP,9699,2025-05-30,2026-07-08 16:00,24.6,0,1.0,0.0,0,0,False,,False
1H,okx,ETH_USDT_SWAP,9699,2025-05-30,2026-07-08 16:00,24.6,0,1.0,0.0,0,0,False,,False
1H,okx,FIL_USDT_SWAP,9699,2025-05-30,2026-07-08 16:00,24.6,0,1.0,0.0,1,0,False,,False
1H,okx,GALA_USDT_SWAP,9699,2025-05-30,2026-07-08 16:00,24.6,0,1.0,0.0,1,0,False,,False
1H,okx,GRT_USDT_SWAP,9699,2025-05-30,2026-07-08 16:00,24.6,0,1.0,0.0,0,0,False,,False
1H,okx,HBAR_USDT_SWAP,9699,2025-05-30,2026-07-08 16:00,24.6,0,1.0,0.0,0,0,False,,False
1H,okx,HYPE_USDT_SWAP,9699,2025-05-30,2026-07-08 16:00,24.6,0,1.0,0.0,0,0,False,,False
1H,okx,ICP_USDT_SWAP,9699,2025-05-30,2026-07-08 16:00,24.6,0,1.0,0.0,0,0,False,,False
1H,okx,INJ_USDT_SWAP,9699,2025-05-30,2026-07-08 16:00,24.6,0,1.0,0.0,1,0,False,,False
1H,okx,JTO_USDT_SWAP,9699,2025-05-30,2026-07-08 16:00,24.6,0,1.0,0.0,1,0,False,,False
1H,okx,LINK_USDT_SWAP,9699,2025-05-30,2026-07-08 16:00,24.6,0,1.0,0.0,0,0,False,,False
1H,okx,LTC_USDT_SWAP,9699,2025-05-30,2026-07-08 16:00,24.6,0,1.0,0.0,0,0,False,,False
1H,okx,NEAR_USDT_SWAP,9699,2025-05-30,2026-07-08 16:00,24.6,0,1.0,0.0,0,0,False,,False
1H,okx,OKB_USDT_SWAP,7383,2025-09-04,2026-07-08 16:00,24.6,0,1.0,0.0,1,0,False,,False
1H,okx,ONDO_USDT_SWAP,9699,2025-05-30,2026-07-08 16:00,24.6,0,1.0,0.0,0,0,False,,False
1H,okx,OP_USDT_SWAP,9699,2025-05-30,2026-07-08 16:00,24.6,0,1.0,0.0,1,0,False,,False
1H,okx,ORDI_USDT_SWAP,9699,2025-05-30,2026-07-08 16:00,24.6,0,1.0,0.0,2,0,False,,False
1H,okx,PENGU_USDT_SWAP,9699,2025-05-30,2026-07-08 16:00,24.6,0,1.0,0.0,0,0,False,,False
1H,okx,PEPE_USDT_SWAP,9699,2025-05-30,2026-07-08 16:00,24.6,0,1.0,0.0,0,0,False,,False
1H,okx,PI_USDT_SWAP,9699,2025-05-30,2026-07-08 16:00,24.6,0,1.0,0.0,0,0,False,,False
1H,okx,POL_USDT_SWAP,9699,2025-05-30,2026-07-08 16:00,24.6,0,1.0,0.0,0,0,False,,False
1H,okx,SAND_USDT_SWAP,9699,2025-05-30,2026-07-08 16:00,24.6,0,1.0,0.0,1,0,False,,False
1H,okx,SHIB_USDT_SWAP,9699,2025-05-30,2026-07-08 16:00,24.6,0,1.0,0.0,0,0,False,,False
1H,okx,SOL_USDT_SWAP,9699,2025-05-30,2026-07-08 16:00,24.6,0,1.0,0.0,0,0,False,,False
1H,okx,SUI_USDT_SWAP,9699,2025-05-30,2026-07-08 16:00,24.6,0,1.0,0.0,0,0,False,,False
1H,okx,TIA_USDT_SWAP,9699,2025-05-30,2026-07-08 16:00,24.6,0,1.0,0.0,1,0,False,,False
1H,okx,TRUMP_USDT_SWAP,9699,2025-05-30,2026-07-08 16:00,24.6,0,1.0,0.0,0,0,False,,False
1H,okx,TRX_USDT_SWAP,9699,2025-05-30,2026-07-08 16:00,24.6,0,1.0,0.0,0,0,False,,False
1H,okx,UNI_USDT_SWAP,9699,2025-05-30,2026-07-08 16:00,24.6,0,1.0,0.0,0,0,False,,False
1H,okx,VIRTUAL_USDT_SWAP,9699,2025-05-30,2026-07-08 16:00,24.6,0,1.0,0.0,1,0,False,,False
1H,okx,WLD_USDT_SWAP,9699,2025-05-30,2026-07-08 16:00,24.6,0,1.0,0.0,1,0,False,,False
1H,okx,XLM_USDT_SWAP,9699,2025-05-30,2026-07-08 16:00,24.6,0,1.0,0.0,0,0,False,,False
1H,okx,XRP_USDT_SWAP,9699,2025-05-30,2026-07-08 16:00,24.6,0,1.0,0.0,0,0,False,,False
1H,okx,ZEC_USDT_SWAP,5870,2025-11-06,2026-07-08 16:00,24.6,0,1.0,0.0,0,0,False,,False
1H,okx,ZK_USDT_SWAP,9699,2025-05-30,2026-07-08 16:00,24.6,0,1.0,0.0,1,0,False,,False
1H,okx,ZRO_USDT_SWAP,9699,2025-05-30,2026-07-08 16:00,24.6,0,1.0,0.0,0,0,False,,False
30m,okx,AAVE_USDT_SWAP,19299,2025-06-01,2026-07-08 17:00,23.6,0,0.5,0.0,2,0,False,,False
30m,okx,ADA_USDT_SWAP,19299,2025-06-01,2026-07-08 17:00,23.6,0,0.5,0.0,2,0,False,,False
30m,okx,APE_USDT_SWAP,19299,2025-06-01,2026-07-08 17:00,23.6,0,0.5,0.0,4,0,True,spikes>=3,False
30m,okx,APT_USDT_SWAP,19299,2025-06-01,2026-07-08 17:00,23.6,0,0.5,0.0,1,0,False,,False
30m,okx,ARB_USDT_SWAP,19299,2025-06-01,2026-07-08 17:00,23.6,0,0.5,0.0,2,0,False,,False
30m,okx,ATOM_USDT_SWAP,19299,2025-06-01,2026-07-08 17:00,23.6,0,0.5,0.0,1,0,False,,False
30m,okx,AVAX_USDT_SWAP,19299,2025-06-01,2026-07-08 17:00,23.6,0,0.5,0.0,1,0,False,,False
30m,okx,BCH_USDT_SWAP,19299,2025-06-01,2026-07-08 17:00,23.6,0,0.5,0.0,0,0,False,,False
30m,okx,BNB_USDT_SWAP,19299,2025-06-01,2026-07-08 17:00,23.6,0,0.5,0.0,0,0,False,,False
30m,okx,BTC_USDT_SWAP,19299,2025-06-01,2026-07-08 17:00,23.6,0,0.5,0.0,0,0,False,,False
30m,okx,CFX_USDT_SWAP,19299,2025-06-01,2026-07-08 17:00,23.6,0,0.5,0.0,2,0,False,,False
30m,okx,CHZ_USDT_SWAP,19299,2025-06-01,2026-07-08 17:00,23.6,0,0.5,0.0,2,0,False,,False
30m,okx,CRV_USDT_SWAP,19299,2025-06-01,2026-07-08 17:00,23.6,0,0.5,0.0,2,0,False,,False
30m,okx,DOGE_USDT_SWAP,19299,2025-06-01,2026-07-08 17:00,23.6,0,0.5,0.0,1,0,False,,False
30m,okx,DOT_USDT_SWAP,19299,2025-06-01,2026-07-08 17:00,23.6,0,0.5,0.0,2,0,False,,False
30m,okx,EIGEN_USDT_SWAP,19299,2025-06-01,2026-07-08 17:00,23.6,0,0.5,0.0,2,0,False,,False
30m,okx,ENA_USDT_SWAP,14132,2025-09-17,2026-07-08 17:00,23.6,0,0.5,0.0,0,0,False,,False
30m,okx,ETC_USDT_SWAP,19299,2025-06-01,2026-07-08 17:00,23.6,0,0.5,0.0,1,0,False,,False
30m,okx,ETHFI_USDT_SWAP,19299,2025-06-01,2026-07-08 17:00,23.6,0,0.5,0.0,2,0,False,,False
30m,okx,ETH_USDT_SWAP,19299,2025-06-01,2026-07-08 17:00,23.6,0,0.5,0.0,0,0,False,,False
30m,okx,FIL_USDT_SWAP,19299,2025-06-01,2026-07-08 17:00,23.6,0,0.5,0.0,2,0,False,,False
30m,okx,GALA_USDT_SWAP,19299,2025-06-01,2026-07-08 17:00,23.6,0,0.5,0.0,2,0,False,,False
30m,okx,GRT_USDT_SWAP,19299,2025-06-01,2026-07-08 17:00,23.6,0,0.5,0.0,1,0,False,,False
30m,okx,HBAR_USDT_SWAP,19299,2025-06-01,2026-07-08 17:00,23.6,0,0.5,0.0,2,0,False,,False
30m,okx,HYPE_USDT_SWAP,19299,2025-06-01,2026-07-08 17:00,23.6,0,0.5,0.0,0,0,False,,False
30m,okx,ICP_USDT_SWAP,19299,2025-06-01,2026-07-08 17:00,23.6,0,0.5,0.0,2,0,False,,False
30m,okx,INJ_USDT_SWAP,19299,2025-06-01,2026-07-08 17:00,23.6,0,0.5,0.0,1,0,False,,False
30m,okx,JTO_USDT_SWAP,19299,2025-06-01,2026-07-08 17:00,23.6,0,0.5,0.0,2,0,False,,False
30m,okx,LINK_USDT_SWAP,19299,2025-06-01,2026-07-08 17:00,23.6,0,0.5,0.0,2,0,False,,False
30m,okx,LTC_USDT_SWAP,19299,2025-06-01,2026-07-08 17:00,23.6,0,0.5,0.0,1,0,False,,False
30m,okx,NEAR_USDT_SWAP,19299,2025-06-01,2026-07-08 17:00,23.6,0,0.5,0.0,0,0,False,,False
30m,okx,OKB_USDT_SWAP,14767,2025-09-04,2026-07-08 17:00,23.6,0,0.5,0.0,1,0,False,,False
30m,okx,ONDO_USDT_SWAP,19299,2025-06-01,2026-07-08 17:30,23.1,0,0.5,0.0,2,0,False,,False
30m,okx,OP_USDT_SWAP,19299,2025-06-01,2026-07-08 17:30,23.1,0,0.5,0.0,2,0,False,,False
30m,okx,ORDI_USDT_SWAP,19299,2025-06-01,2026-07-08 17:30,23.1,0,0.5,0.0,2,0,False,,False
30m,okx,PENGU_USDT_SWAP,19299,2025-06-01,2026-07-08 17:30,23.1,0,0.5,0.0,2,0,False,,False
30m,okx,PEPE_USDT_SWAP,19299,2025-06-01,2026-07-08 17:30,23.1,0,0.5,0.0,2,0,False,,False
30m,okx,PI_USDT_SWAP,19299,2025-06-01,2026-07-08 17:30,23.1,0,0.5,0.0,0,0,False,,False
30m,okx,POL_USDT_SWAP,19299,2025-06-01,2026-07-08 17:30,23.1,0,0.5,0.0,2,0,False,,False
30m,okx,SAND_USDT_SWAP,19299,2025-06-01,2026-07-08 17:30,23.1,0,0.5,0.0,2,0,False,,False
30m,okx,SHIB_USDT_SWAP,19299,2025-06-01,2026-07-08 17:30,23.1,0,0.5,0.0,1,0,False,,False
30m,okx,SOL_USDT_SWAP,19299,2025-06-01,2026-07-08 17:30,23.1,0,0.5,0.0,0,0,False,,False
30m,okx,SUI_USDT_SWAP,19299,2025-06-01,2026-07-08 17:30,23.1,0,0.5,0.0,2,0,False,,False
30m,okx,TIA_USDT_SWAP,19299,2025-06-01,2026-07-08 17:30,23.1,0,0.5,0.0,2,0,False,,False
30m,okx,TRUMP_USDT_SWAP,19299,2025-06-01,2026-07-08 17:30,23.1,0,0.5,0.0,2,0,False,,False
30m,okx,TRX_USDT_SWAP,19299,2025-06-01,2026-07-08 17:30,23.1,0,0.5,0.0,0,0,False,,False
30m,okx,UNI_USDT_SWAP,19299,2025-06-01,2026-07-08 17:30,23.1,0,0.5,0.0,2,0,False,,False
30m,okx,VIRTUAL_USDT_SWAP,19299,2025-06-01,2026-07-08 17:30,23.1,0,0.5,0.0,2,0,False,,False
30m,okx,WLD_USDT_SWAP,19299,2025-06-01,2026-07-08 17:30,23.1,0,0.5,0.0,2,0,False,,False
30m,okx,XLM_USDT_SWAP,19299,2025-06-01,2026-07-08 17:30,23.1,0,0.5,0.0,1,0,False,,False
30m,okx,XRP_USDT_SWAP,19299,2025-06-01,2026-07-08 17:30,23.1,0,0.5,0.0,0,0,False,,False
30m,okx,ZEC_USDT_SWAP,11742,2025-11-06,2026-07-08 17:30,23.1,0,0.5,0.0,0,0,False,,False
30m,okx,ZK_USDT_SWAP,19299,2025-06-01,2026-07-08 17:30,23.1,0,0.5,0.0,2,0,False,,False
30m,okx,ZRO_USDT_SWAP,19299,2025-06-01,2026-07-08 17:30,23.1,0,0.5,0.0,2,0,False,,False
5m,gate,AAVE_USDT,10439,2026-05-29,2026-07-04 19:00,117.6,1,0.17,0.0061,0,0,True,stale>48.0h,False
5m,okx,AAVE_USDT,52327,2025-12-18,2026-06-18 14:25,506.2,0,0.08,0.002,0,0,True,stale>48.0h,False
5m,gate,ACT_USDT,10439,2026-05-29,2026-07-04 19:00,117.6,1,0.17,0.1559,0,0,True,zero_vol>0.02|stale>48.0h,True
5m,okx,ACT_USDT_SWAP,899,2026-07-01,2026-07-04 18:55,117.7,0,0.08,0.0,0,0,True,stale>48.0h,False
5m,gate,ADA_USDT,10438,2026-05-29,2026-07-04 18:55,117.7,1,0.17,0.0,0,0,True,stale>48.0h,False
5m,okx,ADA_USDT,52327,2025-12-18,2026-06-18 13:25,507.2,0,0.08,0.0,0,0,True,stale>48.0h,False
5m,okx,ADA_USDT_SWAP,57699,2025-12-20,2026-07-08 18:10,22.5,0,0.08,0.0,0,0,False,,False
5m,gate,AERO_USDT,1800,2026-06-28,2026-07-04 19:00,117.6,1,0.17,0.0472,0,0,True,zero_vol>0.02|stale>48.0h,False
5m,okx,AERO_USDT_SWAP,899,2026-07-01,2026-07-04 19:00,117.6,0,0.08,0.0,0,0,True,stale>48.0h,False
5m,gate,AGLD_USDT,9303,2026-05-29,2026-06-30 20:20,212.3,1,0.17,0.4591,0,0,True,zero_vol>0.02|stale>48.0h,True
5m,gate,AIGENSYN_USDT,9303,2026-05-29,2026-06-30 20:20,212.3,1,0.17,0.0885,1,0,True,zero_vol>0.02|stale>48.0h,True
5m,okx,AI_USDT_SWAP,899,2026-07-01,2026-07-04 18:55,117.7,0,0.08,0.0,0,0,True,stale>48.0h,False
5m,gate,AKE_USDT,9201,2026-06-02,2026-07-04 19:00,117.6,0,0.08,0.0724,0,0,True,zero_vol>0.02|stale>48.0h,True
5m,gate,ALLO_USDT,9646,2026-06-01,2026-07-04 19:00,117.6,0,0.08,0.001,0,0,True,stale>48.0h,False
5m,okx,ALLO_USDT,52327,2025-12-18,2026-06-18 13:30,507.1,0,0.08,0.1585,0,0,True,zero_vol>0.02|stale>48.0h,True
5m,okx,ALLO_USDT_SWAP,899,2026-07-01,2026-07-04 18:55,117.7,0,0.08,0.0,0,0,True,stale>48.0h,False
5m,okx,ANIME_USDT_SWAP,899,2026-07-01,2026-07-04 18:55,117.7,0,0.08,0.0033,0,0,True,stale>48.0h,False
5m,okx,APE_USDT,52327,2025-12-18,2026-06-18 14:30,506.1,0,0.08,0.0152,0,0,True,stale>48.0h,False
5m,okx,APT_USDT,52327,2025-12-18,2026-06-18 14:05,506.5,0,0.08,0.0021,0,0,True,stale>48.0h,False
5m,gate,ARB_USDT,10188,2026-05-30,2026-07-04 19:00,117.6,1,0.17,0.0,0,0,True,stale>48.0h,False
5m,okx,ARB_USDT_SWAP,57699,2025-12-20,2026-07-08 18:20,22.3,0,0.08,0.0,0,0,False,,False
5m,gate,ARPA_USDT,9201,2026-06-02,2026-07-04 19:00,117.6,0,0.08,0.2946,0,0,True,zero_vol>0.02|stale>48.0h,True
5m,okx,ASTER_USDT,52327,2025-12-18,2026-06-18 13:20,507.3,0,0.08,0.0217,0,0,True,zero_vol>0.02|stale>48.0h,False
5m,okx,ATH_USDT_SWAP,899,2026-07-01,2026-07-04 18:55,117.7,0,0.08,0.0,0,0,True,stale>48.0h,False
5m,okx,ATOM_USDT,6535,2026-05-25,2026-06-17 09:10,535.5,0,0.08,0.0308,0,0,True,zero_vol>0.02|stale>48.0h,False
5m,gate,AT_USDT,1800,2026-06-28,2026-07-04 19:00,117.6,1,0.17,0.3144,0,0,True,zero_vol>0.02|stale>48.0h,True
5m,okx,AT_USDT_SWAP,899,2026-07-01,2026-07-04 19:00,117.6,0,0.08,0.0356,0,0,True,zero_vol>0.02|stale>48.0h,False
5m,gate,AVAX_USDT,10439,2026-05-29,2026-07-04 19:00,117.6,1,0.17,0.0,0,0,True,stale>48.0h,False
5m,okx,AVAX_USDT,52327,2025-12-18,2026-06-18 13:55,506.7,0,0.08,0.0001,0,0,True,stale>48.0h,False
5m,okx,AVAX_USDT_SWAP,57699,2025-12-20,2026-07-08 18:20,22.3,0,0.08,0.0,0,0,False,,False
5m,gate,AVA_USDT,1800,2026-06-28,2026-07-04 19:00,117.6,1,0.17,0.7717,0,0,True,zero_vol>0.02|stale>48.0h,True
5m,gate,A_USDT,1800,2026-06-28,2026-07-04 19:00,117.6,1,0.17,0.4428,0,0,True,zero_vol>0.02|stale>48.0h,True
5m,okx,A_USDT_SWAP,899,2026-07-01,2026-07-04 19:00,117.6,0,0.08,0.0011,0,0,True,stale>48.0h,False
5m,gate,B2_USDT,1800,2026-06-28,2026-07-04 19:00,117.6,1,0.17,0.2922,0,0,True,zero_vol>0.02|stale>48.0h,True
5m,okx,BABY_USDT,4519,2026-06-01,2026-06-17 01:15,543.4,0,0.08,0.0071,1,0,True,stale>48.0h,False
5m,gate,BANK_USDT,9012,2026-06-01,2026-07-02 14:10,170.5,0,0.08,0.2193,0,0,True,zero_vol>0.02|stale>48.0h,True
5m,gate,BASED_USDT,10187,2026-05-30,2026-07-04 19:00,117.6,1,0.17,0.0292,0,0,True,zero_vol>0.02|stale>48.0h,False
5m,okx,BASED_USDT,23090,2026-03-30,2026-06-18 14:05,506.5,0,0.08,0.0001,0,0,True,stale>48.0h,False
5m,okx,BASED_USDT_SWAP,899,2026-07-01,2026-07-04 18:55,117.7,0,0.08,0.0,0,0,True,stale>48.0h,False
5m,gate,BAS_USDT,10438,2026-05-29,2026-07-04 19:00,117.6,2,0.17,0.0765,0,0,True,zero_vol>0.02|stale>48.0h,True
5m,gate,BCH_USDT,10438,2026-05-29,2026-07-04 19:00,117.6,2,0.17,0.0018,0,0,True,stale>48.0h,False
5m,okx,BCH_USDT,52327,2025-12-18,2026-06-18 13:55,506.7,0,0.08,0.017,0,0,True,stale>48.0h,False
5m,gate,BEAT_USDT,10439,2026-05-29,2026-07-04 19:00,117.6,1,0.17,0.0,0,0,True,stale>48.0h,False
5m,okx,BEAT_USDT_SWAP,899,2026-07-01,2026-07-04 19:00,117.6,0,0.08,0.0,0,0,True,stale>48.0h,False
5m,gate,BEL_USDT,1800,2026-06-28,2026-07-04 19:00,117.6,1,0.17,0.0061,0,0,True,stale>48.0h,False
5m,okx,BICO_USDT_SWAP,899,2026-07-01,2026-07-04 18:55,117.7,0,0.08,0.0,0,0,True,stale>48.0h,False
5m,okx,BIO_USDT,52327,2025-12-18,2026-06-18 13:55,506.7,0,0.08,0.0576,0,0,True,zero_vol>0.02|stale>48.0h,True
5m,gate,BIRB_USDT,9647,2026-06-01,2026-07-04 19:00,117.6,0,0.08,0.3614,0,0,True,zero_vol>0.02|stale>48.0h,True
5m,gate,BLESS_USDT,9010,2026-06-02,2026-07-04 03:05,133.5,0,0.08,0.0087,0,0,True,stale>48.0h,False
5m,gate,BNB_USDT,10438,2026-05-29,2026-07-04 18:55,117.7,1,0.17,0.0,0,0,True,stale>48.0h,False
5m,okx,BNB_USDT,52327,2025-12-18,2026-06-18 13:30,507.1,0,0.08,0.0,0,0,True,stale>48.0h,False
5m,okx,BNB_USDT_SWAP,57699,2025-12-20,2026-07-08 18:10,22.5,0,0.08,0.0,0,0,False,,False
5m,okx,BOME_USDT_SWAP,899,2026-07-01,2026-07-04 18:55,117.7,0,0.08,0.0011,0,0,True,stale>48.0h,False
5m,gate,BONK_USDT,9201,2026-06-02,2026-07-04 19:00,117.6,0,0.08,0.1215,0,0,True,zero_vol>0.02|stale>48.0h,True
5m,okx,BONK_USDT_SWAP,899,2026-07-01,2026-07-04 18:55,117.7,0,0.08,0.0,0,0,True,stale>48.0h,False
5m,gate,BREV_USDT,9012,2026-06-01,2026-07-02 14:10,170.5,0,0.08,0.5292,0,0,True,zero_vol>0.02|stale>48.0h,True
5m,gate,BROCCOLI_USDT,1800,2026-06-28,2026-07-04 19:00,117.6,1,0.17,0.4567,0,0,True,zero_vol>0.02|stale>48.0h,True
5m,gate,BSB_USDT,10437,2026-05-29,2026-07-04 19:00,117.6,2,0.17,0.0037,1,0,True,stale>48.0h,False
5m,gate,BTC_USDT,10438,2026-05-29,2026-07-04 18:55,117.7,1,0.17,0.0,0,0,True,stale>48.0h,False
5m,okx,BTC_USDT,52327,2025-12-18,2026-06-18 12:55,507.7,0,0.08,0.0,0,0,True,stale>48.0h,False
5m,okx,BTC_USDT_SWAP,57699,2025-12-20,2026-07-08 18:10,22.5,0,0.08,0.0,0,0,False,,False
5m,gate,BTW_USDT,8712,2026-06-04,2026-07-04 19:00,117.6,1,0.17,0.001,0,0,True,stale>48.0h,False
5m,gate,BULLA_USDT,1800,2026-06-28,2026-07-04 19:00,117.6,1,0.17,0.3722,0,0,True,zero_vol>0.02|stale>48.0h,True
5m,gate,BZ_USDT,9012,2026-06-01,2026-07-02 14:10,170.5,0,0.08,0.0002,0,0,True,stale>48.0h,False
5m,gate,B_USDT,9646,2026-06-01,2026-07-04 19:00,117.6,0,0.08,0.1146,0,0,True,zero_vol>0.02|stale>48.0h,True
5m,gate,CAP_USDT,2103,2026-06-27,2026-07-04 19:00,117.6,1,0.17,0.0185,0,0,True,stale>48.0h,False
5m,okx,CAP_USDT_SWAP,899,2026-07-01,2026-07-04 18:55,117.7,0,0.08,0.0,0,0,True,stale>48.0h,False
5m,okx,CFX_USDT,52327,2025-12-18,2026-06-18 14:15,506.4,0,0.08,0.0278,0,0,True,zero_vol>0.02|stale>48.0h,False
5m,gate,CHILLGUY_USDT,1800,2026-06-28,2026-07-04 19:00,117.6,1,0.17,0.1806,0,0,True,zero_vol>0.02|stale>48.0h,True
5m,okx,CHIP_USDT_SWAP,899,2026-07-01,2026-07-04 18:55,117.7,0,0.08,0.0,0,0,True,stale>48.0h,False
5m,gate,CHZ_USDT,9052,2026-05-30,2026-06-30 20:20,212.3,0,0.08,0.0421,0,0,True,zero_vol>0.02|stale>48.0h,False
5m,okx,CHZ_USDT,52327,2025-12-18,2026-06-18 14:15,506.4,0,0.08,0.0052,0,0,True,stale>48.0h,False
5m,okx,CHZ_USDT_SWAP,899,2026-07-01,2026-07-04 18:55,117.7,0,0.08,0.0,0,0,True,stale>48.0h,False
5m,gate,CLO_USDT,9018,2026-05-30,2026-06-30 20:20,212.3,0,0.08,0.004,0,0,True,stale>48.0h,False
5m,gate,COOKIE_USDT,1800,2026-06-28,2026-07-04 19:00,117.6,1,0.17,0.0339,0,0,True,zero_vol>0.02|stale>48.0h,False
5m,gate,CRV_USDT,9201,2026-06-02,2026-07-04 19:00,117.6,0,0.08,0.0644,0,0,True,zero_vol>0.02|stale>48.0h,True
5m,okx,CRV_USDT,52327,2025-12-18,2026-06-18 14:15,506.4,0,0.08,0.0384,0,0,True,zero_vol>0.02|stale>48.0h,False
5m,gate,DEEP_USDT,9012,2026-06-01,2026-07-02 14:10,170.5,0,0.08,0.1407,0,0,True,zero_vol>0.02|stale>48.0h,True
5m,gate,DEXE_USDT,1800,2026-06-28,2026-07-04 19:00,117.6,1,0.17,0.0128,0,0,True,stale>48.0h,False
5m,gate,DOGE_USDT,10438,2026-05-29,2026-07-04 18:55,117.7,1,0.17,0.0,0,0,True,stale>48.0h,False
5m,okx,DOGE_USDT,52327,2025-12-18,2026-06-18 13:10,507.5,0,0.08,0.0,0,0,True,stale>48.0h,False
5m,okx,DOGE_USDT_SWAP,57699,2025-12-20,2026-07-08 18:10,22.5,0,0.08,0.0,0,0,False,,False
5m,gate,DOGS_USDT,1800,2026-06-28,2026-07-04 19:00,117.6,1,0.17,0.2739,0,0,True,zero_vol>0.02|stale>48.0h,True
5m,okx,DOOD_USDT_SWAP,899,2026-07-01,2026-07-04 18:55,117.7,0,0.08,0.0033,0,0,True,stale>48.0h,False
5m,gate,DOT_USDT,9646,2026-06-01,2026-07-04 19:00,117.6,0,0.08,0.0439,0,0,True,zero_vol>0.02|stale>48.0h,False
5m,okx,DOT_USDT,52327,2025-12-18,2026-06-18 14:10,506.5,0,0.08,0.0037,0,0,True,stale>48.0h,False
5m,okx,DOT_USDT_SWAP,57699,2025-12-20,2026-07-08 18:20,22.3,0,0.08,0.0,0,0,False,,False
5m,gate,DRAM_USDT,9303,2026-05-29,2026-06-30 20:20,212.3,1,0.17,0.0008,0,0,True,stale>48.0h,False
5m,gate,DYDX_USDT,9647,2026-06-01,2026-07-04 19:00,117.6,0,0.08,0.0102,0,0,True,stale>48.0h,False
5m,gate,DYM_USDT,1800,2026-06-28,2026-07-04 19:00,117.6,1,0.17,0.2544,0,0,True,zero_vol>0.02|stale>48.0h,True
5m,okx,EDGE_USDT,6535,2026-05-25,2026-06-17 09:10,535.5,0,0.08,0.0026,3,0,True,spikes>=3|stale>48.0h,False
5m,gate,EGLD_USDT,10186,2026-05-30,2026-07-04 19:00,117.6,1,0.17,0.0321,0,0,True,zero_vol>0.02|stale>48.0h,False
5m,gate,EIGEN_USDT,1800,2026-06-28,2026-07-04 19:00,117.6,1,0.17,0.0233,0,0,True,zero_vol>0.02|stale>48.0h,False
5m,okx,EIGEN_USDT_SWAP,899,2026-07-01,2026-07-04 18:55,117.7,0,0.08,0.0,0,0,True,stale>48.0h,False
5m,gate,ENA_USDT,10439,2026-05-29,2026-07-04 19:00,117.6,1,0.17,0.0,0,0,True,stale>48.0h,False
5m,okx,ENA_USDT,52327,2025-12-18,2026-06-18 13:40,507.0,0,0.08,0.0169,0,0,True,stale>48.0h,False
5m,okx,ENA_USDT_SWAP,899,2026-07-01,2026-07-04 18:55,117.7,0,0.08,0.0,0,0,True,stale>48.0h,False
5m,gate,EPIC_USDT,9201,2026-06-02,2026-07-04 19:00,117.6,0,0.08,0.0078,0,0,True,stale>48.0h,False
5m,gate,ESPORTS_USDT,9801,2026-05-29,2026-07-02 13:55,170.7,1,0.17,0.001,2,0,True,stale>48.0h,False
5m,gate,ETC_USDT,1800,2026-06-28,2026-07-04 19:00,117.6,1,0.17,0.0844,0,0,True,zero_vol>0.02|stale>48.0h,True
5m,gate,ETHFI_USDT,1800,2026-06-28,2026-07-04 19:00,117.6,1,0.17,0.0967,0,0,True,zero_vol>0.02|stale>48.0h,True
5m,okx,ETHFI_USDT,52327,2025-12-18,2026-06-18 13:50,506.8,0,0.08,0.0024,0,0,True,stale>48.0h,False
5m,okx,ETHFI_USDT_SWAP,899,2026-07-01,2026-07-04 18:55,117.7,0,0.08,0.0,0,0,True,stale>48.0h,False
5m,gate,ETHW_USDT,1800,2026-06-28,2026-07-04 19:00,117.6,1,0.17,0.4556,0,0,True,zero_vol>0.02|stale>48.0h,True
5m,okx,ETHW_USDT_SWAP,899,2026-07-01,2026-07-04 19:00,117.6,0,0.08,0.0022,0,0,True,stale>48.0h,False
5m,gate,ETH_USDT,10438,2026-05-29,2026-07-04 18:55,117.7,1,0.17,0.0,0,0,True,stale>48.0h,False
5m,okx,ETH_USDT,52327,2025-12-18,2026-06-18 12:55,507.7,0,0.08,0.0,0,0,True,stale>48.0h,False
5m,okx,ETH_USDT_SWAP,106292,2025-07-04,2026-07-08 18:10,22.5,0,0.08,0.0,0,0,False,,False
5m,gate,EVAA_USDT,10187,2026-05-30,2026-07-04 19:00,117.6,1,0.17,0.0174,0,0,True,stale>48.0h,False
5m,gate,FARTCOIN_USDT,10439,2026-05-29,2026-07-04 19:00,117.6,1,0.17,0.0,0,0,True,stale>48.0h,False
5m,gate,FET_USDT,9012,2026-06-01,2026-07-02 14:10,170.5,0,0.08,0.019,0,0,True,stale>48.0h,False
5m,gate,FIGHT_USDT,1800,2026-06-28,2026-07-04 19:00,117.6,1,0.17,0.3694,0,0,True,zero_vol>0.02|stale>48.0h,True
5m,gate,FIL_USDT,10188,2026-05-30,2026-07-04 19:00,117.6,1,0.17,0.0011,0,0,True,stale>48.0h,False
5m,okx,FIL_USDT,52327,2025-12-18,2026-06-18 13:30,507.1,0,0.08,0.0002,0,0,True,stale>48.0h,False
5m,gate,FLOKI_USDT,9201,2026-06-02,2026-07-04 19:00,117.6,0,0.08,0.1936,0,0,True,zero_vol>0.02|stale>48.0h,True
5m,okx,FLOKI_USDT_SWAP,899,2026-07-01,2026-07-04 18:55,117.7,0,0.08,0.0,0,0,True,stale>48.0h,False
5m,okx,FOGO_USDT_SWAP,899,2026-07-01,2026-07-04 18:55,117.7,0,0.08,0.0033,0,0,True,stale>48.0h,False
5m,okx,F_USDT_SWAP,899,2026-07-01,2026-07-04 18:55,117.7,0,0.08,0.089,0,0,True,zero_vol>0.02|stale>48.0h,True
5m,gate,GALA_USDT,9201,2026-06-02,2026-07-04 19:00,117.6,0,0.08,0.0281,0,0,True,zero_vol>0.02|stale>48.0h,False
5m,okx,GALA_USDT_SWAP,899,2026-07-01,2026-07-04 18:55,117.7,0,0.08,0.0,0,0,True,stale>48.0h,False
5m,okx,GMT_USDT_SWAP,899,2026-07-01,2026-07-04 18:55,117.7,0,0.08,0.0011,0,0,True,stale>48.0h,False
5m,okx,GPS_USDT_SWAP,899,2026-07-01,2026-07-04 18:55,117.7,0,0.08,0.0,0,0,True,stale>48.0h,False
5m,gate,GRAM_USDT,5243,2026-06-16,2026-07-04 19:00,117.6,0,0.08,0.0278,0,0,True,zero_vol>0.02|stale>48.0h,False
5m,okx,GRAM_USDT,336,2026-06-17,2026-06-18 13:55,506.7,0,0.08,0.0,0,0,True,stale>48.0h,False
5m,okx,GRASS_USDT,15845,2026-04-24,2026-06-18 14:20,506.3,0,0.08,0.0272,0,0,True,zero_vol>0.02|stale>48.0h,False
5m,gate,GUA_USDT,9646,2026-06-01,2026-07-04 19:00,117.6,0,0.08,0.0056,0,0,True,stale>48.0h,False
5m,gate,GUN_USDT,1800,2026-06-28,2026-07-04 19:00,117.6,1,0.17,0.1628,0,0,True,zero_vol>0.02|stale>48.0h,True
5m,gate,GWEI_USDT,10439,2026-05-29,2026-07-04 19:00,117.6,1,0.17,0.0875,0,0,True,zero_vol>0.02|stale>48.0h,True
5m,okx,HBAR_USDT,26407,2026-03-18,2026-06-18 10:15,510.4,0,0.08,0.0201,0,0,True,zero_vol>0.02|stale>48.0h,False
5m,okx,HBAR_USDT_SWAP,899,2026-07-01,2026-07-04 18:55,117.7,0,0.08,0.0,0,0,True,stale>48.0h,False
5m,gate,HEI_USDT,1800,2026-06-28,2026-07-04 19:00,117.6,1,0.17,0.0017,0,0,True,stale>48.0h,False
5m,gate,HEMI_USDT,9012,2026-06-01,2026-07-02 14:10,170.5,0,0.08,0.2721,0,0,True,zero_vol>0.02|stale>48.0h,True
5m,gate,HFT_USDT,1800,2026-06-28,2026-07-04 19:00,117.6,1,0.17,0.1033,0,0,True,zero_vol>0.02|stale>48.0h,True
5m,gate,HMSTR_USDT,9200,2026-06-02,2026-07-04 18:55,117.7,0,0.08,0.0083,0,0,True,stale>48.0h,False
5m,okx,HMSTR_USDT,6535,2026-05-25,2026-06-17 09:10,535.5,0,0.08,0.0249,0,0,True,zero_vol>0.02|stale>48.0h,False
5m,okx,HMSTR_USDT_SWAP,899,2026-07-01,2026-07-04 18:55,117.7,0,0.08,0.0,0,0,True,stale>48.0h,False
5m,gate,HYPE_USDT,10438,2026-05-29,2026-07-04 18:55,117.7,1,0.17,0.0,0,0,True,stale>48.0h,False
5m,okx,HYPE_USDT,52327,2025-12-18,2026-06-18 13:00,507.6,0,0.08,0.0001,0,0,True,stale>48.0h,False
5m,gate,H_USDT,10438,2026-05-29,2026-07-04 19:00,117.6,2,0.17,0.0,2,0,True,stale>48.0h,False
5m,okx,H_USDT_SWAP,899,2026-07-01,2026-07-04 18:55,117.7,0,0.08,0.0,0,0,True,stale>48.0h,False
5m,gate,ICP_USDT,9646,2026-06-01,2026-07-04 19:00,117.6,0,0.08,0.027,0,0,True,zero_vol>0.02|stale>48.0h,False
5m,okx,ICP_USDT,52327,2025-12-18,2026-06-18 14:00,506.6,0,0.08,0.019,0,0,True,stale>48.0h,False
5m,gate,ID_USDT,1800,2026-06-28,2026-07-04 19:00,117.6,1,0.17,0.0617,0,0,True,zero_vol>0.02|stale>48.0h,True
5m,okx,ID_USDT,17767,2026-04-17,2026-06-18 02:45,517.9,0,0.08,0.2328,0,0,True,zero_vol>0.02|stale>48.0h,True
5m,gate,IMX_USDT,1800,2026-06-28,2026-07-04 19:00,117.6,1,0.17,0.3067,0,0,True,zero_vol>0.02|stale>48.0h,True
5m,okx,IMX_USDT_SWAP,899,2026-07-01,2026-07-04 19:00,117.6,0,0.08,0.0056,0,0,True,stale>48.0h,False
5m,gate,INJ_USDT,9012,2026-06-01,2026-07-02 14:10,170.5,0,0.08,0.0027,0,0,True,stale>48.0h,False
5m,okx,INJ_USDT,26407,2026-03-18,2026-06-18 09:35,511.0,0,0.08,0.0677,0,0,True,zero_vol>0.02|stale>48.0h,True
5m,gate,IN_USDT,9053,2026-05-30,2026-06-30 20:20,212.3,0,0.08,0.13,0,0,True,zero_vol>0.02|stale>48.0h,True
5m,okx,IOST_USDT_SWAP,899,2026-07-01,2026-07-04 18:55,117.7,0,0.08,0.0556,0,0,True,zero_vol>0.02|stale>48.0h,True
5m,okx,IP_USDT,52327,2025-12-18,2026-06-18 13:25,507.2,0,0.08,0.0008,0,0,True,stale>48.0h,False
5m,gate,JCT_USDT,1800,2026-06-28,2026-07-04 19:00,117.6,1,0.17,0.1928,0,0,True,zero_vol>0.02|stale>48.0h,True
5m,gate,JTO_USDT,10188,2026-05-30,2026-07-04 19:00,117.6,1,0.17,0.0017,0,0,True,stale>48.0h,False
5m,okx,JTO_USDT,52327,2025-12-18,2026-06-18 13:45,506.9,0,0.08,0.0201,0,0,True,zero_vol>0.02|stale>48.0h,False
5m,okx,JTO_USDT_SWAP,899,2026-07-01,2026-07-04 19:00,117.6,0,0.08,0.0,0,0,True,stale>48.0h,False
5m,gate,JUP_USDT,9012,2026-06-01,2026-07-02 14:10,170.5,0,0.08,0.0311,0,0,True,zero_vol>0.02|stale>48.0h,False
5m,gate,KAS_USDT,9046,2026-05-30,2026-06-30 20:20,212.3,0,0.08,0.1455,0,0,True,zero_vol>0.02|stale>48.0h,True
5m,okx,KAT_USDT_SWAP,899,2026-07-01,2026-07-04 18:55,117.7,0,0.08,0.0,0,0,True,stale>48.0h,False
5m,gate,LAB_USDT,10438,2026-05-29,2026-07-04 18:55,117.7,1,0.17,0.0,5,0,True,spikes>=3|stale>48.0h,False
5m,okx,LAB_USDT_SWAP,899,2026-07-01,2026-07-04 18:55,117.7,0,0.08,0.0,0,0,True,stale>48.0h,False
5m,okx,LINEA_USDT_SWAP,899,2026-07-01,2026-07-04 18:55,117.7,0,0.08,0.0,0,0,True,stale>48.0h,False
5m,gate,LINK_USDT,10439,2026-05-29,2026-07-04 19:00,117.6,1,0.17,0.0,0,0,True,stale>48.0h,False
5m,okx,LINK_USDT,52327,2025-12-18,2026-06-18 14:00,506.6,0,0.08,0.0001,0,0,True,stale>48.0h,False
5m,okx,LINK_USDT_SWAP,57699,2025-12-20,2026-07-08 18:10,22.5,0,0.08,0.0,0,0,False,,False
5m,gate,LIT_USDT,10187,2026-05-30,2026-07-04 19:00,117.6,1,0.17,0.004,0,0,True,stale>48.0h,False
5m,okx,LIT_USDT,44330,2026-01-15,2026-06-18 13:35,507.0,0,0.08,0.0132,0,0,True,stale>48.0h,False
5m,gate,LTC_USDT,10439,2026-05-29,2026-07-04 19:00,117.6,1,0.17,0.0,0,0,True,stale>48.0h,False
5m,okx,LTC_USDT,52327,2025-12-18,2026-06-18 13:40,507.0,0,0.08,0.0,0,0,True,stale>48.0h,False
5m,okx,LTC_USDT_SWAP,57699,2025-12-20,2026-07-08 18:20,22.3,0,0.08,0.0,0,0,False,,False
5m,gate,MAGMA_USDT,9200,2026-06-02,2026-07-04 18:55,117.7,0,0.08,0.0723,0,0,True,zero_vol>0.02|stale>48.0h,True
5m,gate,MANA_USDT,9010,2026-06-02,2026-07-04 03:05,133.5,0,0.08,0.3776,0,0,True,zero_vol>0.02|stale>48.0h,True
5m,gate,MANTA_USDT,9035,2026-05-30,2026-06-30 18:55,213.7,0,0.08,0.0802,0,0,True,zero_vol>0.02|stale>48.0h,True
5m,okx,MEGA_USDT,14145,2026-04-30,2026-06-18 13:40,507.0,0,0.08,0.0003,0,0,True,stale>48.0h,False
5m,okx,MEGA_USDT_SWAP,899,2026-07-01,2026-07-04 18:55,117.7,0,0.08,0.0,0,0,True,stale>48.0h,False
5m,okx,MEME_USDT_SWAP,899,2026-07-01,2026-07-04 18:55,117.7,0,0.08,0.0,0,0,True,stale>48.0h,False
5m,gate,MET_USDT,9646,2026-06-01,2026-07-04 19:00,117.6,0,0.08,0.1526,0,0,True,zero_vol>0.02|stale>48.0h,True
5m,okx,MET_USDT_SWAP,899,2026-07-01,2026-07-04 18:55,117.7,0,0.08,0.0,0,0,True,stale>48.0h,False
5m,okx,MEW_USDT_SWAP,899,2026-07-01,2026-07-04 18:55,117.7,0,0.08,0.0011,0,0,True,stale>48.0h,False
5m,gate,ME_USDT,9012,2026-06-01,2026-07-02 14:10,170.5,0,0.08,0.2378,0,0,True,zero_vol>0.02|stale>48.0h,True
5m,gate,MINA_USDT,1800,2026-06-28,2026-07-04 19:00,117.6,1,0.17,0.2733,0,0,True,zero_vol>0.02|stale>48.0h,True
5m,okx,MINA_USDT_SWAP,899,2026-07-01,2026-07-04 19:00,117.6,0,0.08,0.0,0,0,True,stale>48.0h,False
5m,gate,MIRA_USDT,9201,2026-06-02,2026-07-04 19:00,117.6,0,0.08,0.3094,0,0,True,zero_vol>0.02|stale>48.0h,True
5m,okx,MON_USDT,25098,2026-03-23,2026-06-18 14:25,506.2,0,0.08,0.0144,0,0,True,stale>48.0h,False
5m,gate,MOVR_USDT,1800,2026-06-28,2026-07-04 19:00,117.6,1,0.17,0.0989,0,0,True,zero_vol>0.02|stale>48.0h,True
5m,gate,MUBARAK_USDT,1800,2026-06-28,2026-07-04 19:00,117.6,1,0.17,0.3072,0,0,True,zero_vol>0.02|stale>48.0h,True
5m,okx,MUBARAK_USDT_SWAP,899,2026-07-01,2026-07-04 19:00,117.6,0,0.08,0.0367,0,0,True,zero_vol>0.02|stale>48.0h,False
5m,okx,MUU_USDT_SWAP,691,2026-07-02,2026-07-04 19:00,117.6,0,0.08,0.0289,0,0,True,zero_vol>0.02|stale>48.0h,False
5m,gate,MYX_USDT,9052,2026-05-30,2026-06-30 20:20,212.3,0,0.08,0.0028,0,0,True,stale>48.0h,False
5m,gate,M_USDT,10188,2026-05-30,2026-07-04 19:00,117.6,1,0.17,0.083,1,0,True,zero_vol>0.02|stale>48.0h,True
5m,gate,NEAR_USDT,10437,2026-05-29,2026-07-04 19:00,117.6,2,0.17,0.0,0,0,True,stale>48.0h,False
5m,okx,NEAR_USDT,52327,2025-12-18,2026-06-18 13:25,507.2,0,0.08,0.0065,0,0,True,stale>48.0h,False
5m,okx,NEIRO_USDT_SWAP,899,2026-07-01,2026-07-04 18:55,117.7,0,0.08,0.0,0,0,True,stale>48.0h,False
5m,gate,NES_USDT,2951,2026-06-24,2026-07-04 19:00,117.6,0,0.08,0.0152,0,0,True,stale>48.0h,False
5m,gate,NFP_USDT,9647,2026-06-01,2026-07-04 19:00,117.6,0,0.08,0.1242,1,0,True,zero_vol>0.02|stale>48.0h,True
5m,okx,NIGHT_USDT,52327,2025-12-18,2026-06-18 14:10,506.5,0,0.08,0.001,0,0,True,stale>48.0h,False
5m,gate,NOM_USDT,9646,2026-06-01,2026-07-04 19:00,117.6,0,0.08,0.1559,0,0,True,zero_vol>0.02|stale>48.0h,True
5m,gate,NOT_USDT,1800,2026-06-28,2026-07-04 19:00,117.6,1,0.17,0.4989,0,0,True,zero_vol>0.02|stale>48.0h,True
5m,okx,NOT_USDT_SWAP,899,2026-07-01,2026-07-04 18:55,117.7,0,0.08,0.0,0,0,True,stale>48.0h,False
5m,okx,OFC_USDT,20212,2026-04-09,2026-06-18 14:25,506.2,0,0.08,0.0082,0,0,True,stale>48.0h,False
5m,okx,OFC_USDT_SWAP,899,2026-07-01,2026-07-04 18:55,117.7,0,0.08,0.0,0,0,True,stale>48.0h,False
5m,gate,OGN_USDT,1800,2026-06-28,2026-07-04 19:00,117.6,1,0.17,0.5833,0,0,True,zero_vol>0.02|stale>48.0h,True
5m,gate,OKB_USDT,9009,2026-05-30,2026-06-30 16:45,215.9,0,0.08,0.2115,0,0,True,zero_vol>0.02|stale>48.0h,True
5m,okx,OKB_USDT,52327,2025-12-18,2026-06-18 13:35,507.0,0,0.08,0.0001,1,0,True,stale>48.0h,False
5m,gate,ONDO_USDT,9646,2026-06-01,2026-07-04 19:00,117.6,0,0.08,0.0048,0,0,True,stale>48.0h,False
5m,okx,ONDO_USDT,52327,2025-12-18,2026-06-18 13:35,507.0,0,0.08,0.0049,0,0,True,stale>48.0h,False
5m,gate,OPEN_USDT,1800,2026-06-28,2026-07-04 19:00,117.6,1,0.17,0.1933,0,0,True,zero_vol>0.02|stale>48.0h,True
5m,okx,OP_USDT,52327,2025-12-18,2026-06-18 14:20,506.3,0,0.08,0.0094,0,0,True,stale>48.0h,False
5m,okx,OP_USDT_SWAP,57699,2025-12-20,2026-07-08 18:20,22.3,0,0.08,0.0,0,0,False,,False
5m,gate,ORDI_USDT,9280,2026-05-29,2026-06-30 18:20,214.3,0,0.08,0.0051,0,0,True,stale>48.0h,False
5m,okx,ORDI_USDT,52327,2025-12-18,2026-06-18 14:10,506.5,0,0.08,0.0274,0,0,True,zero_vol>0.02|stale>48.0h,False
5m,gate,O_USDT,4734,2026-06-18,2026-07-04 19:00,117.6,1,0.17,0.0015,0,0,True,stale>48.0h,False
5m,okx,O_USDT_SWAP,899,2026-07-01,2026-07-04 19:00,117.6,0,0.08,0.0,0,0,True,stale>48.0h,False
5m,gate,PENGU_USDT,9201,2026-06-02,2026-07-04 19:00,117.6,0,0.08,0.0304,0,0,True,zero_vol>0.02|stale>48.0h,False
5m,okx,PENGU_USDT,52327,2025-12-18,2026-06-18 14:05,506.5,0,0.08,0.0007,0,0,True,stale>48.0h,False
5m,okx,PENGU_USDT_SWAP,899,2026-07-01,2026-07-04 18:55,117.7,0,0.08,0.0,0,0,True,stale>48.0h,False
5m,okx,PEOPLE_USDT_SWAP,899,2026-07-01,2026-07-04 18:55,117.7,0,0.08,0.0,0,0,True,stale>48.0h,False
5m,gate,PEPE_USDT,10438,2026-05-29,2026-07-04 18:55,117.7,1,0.17,0.0,0,0,True,stale>48.0h,False
5m,okx,PEPE_USDT,52327,2025-12-18,2026-06-18 13:40,507.0,0,0.08,0.0,0,0,True,stale>48.0h,False
5m,okx,PEPE_USDT_SWAP,899,2026-07-01,2026-07-04 18:55,117.7,0,0.08,0.0,0,0,True,stale>48.0h,False
5m,gate,PIPPIN_USDT,9201,2026-06-02,2026-07-04 19:00,117.6,0,0.08,0.0817,0,0,True,zero_vol>0.02|stale>48.0h,True
5m,okx,PIPPIN_USDT_SWAP,899,2026-07-01,2026-07-04 18:55,117.7,0,0.08,0.0,0,0,True,stale>48.0h,False
5m,gate,PI_USDT,10438,2026-05-29,2026-07-04 19:00,117.6,2,0.17,0.0122,0,0,True,stale>48.0h,False
5m,okx,PI_USDT,52327,2025-12-18,2026-06-18 13:50,506.8,0,0.08,0.0,0,0,True,stale>48.0h,False
5m,gate,PLAY_USDT,1800,2026-06-28,2026-07-04 19:00,117.6,1,0.17,0.4333,0,0,True,zero_vol>0.02|stale>48.0h,True
5m,gate,PTB_USDT,9012,2026-06-01,2026-07-02 14:10,170.5,0,0.08,0.1177,0,0,True,zero_vol>0.02|stale>48.0h,True
5m,gate,PUMP_USDT,9646,2026-06-01,2026-07-04 19:00,117.6,0,0.08,0.0128,0,0,True,stale>48.0h,False
5m,okx,PUMP_USDT,52327,2025-12-18,2026-06-18 13:50,506.8,0,0.08,0.0042,0,0,True,stale>48.0h,False
5m,okx,PUMP_USDT_SWAP,899,2026-07-01,2026-07-04 18:55,117.7,0,0.08,0.0,0,0,True,stale>48.0h,False
5m,gate,Q_USDT,1800,2026-06-28,2026-07-04 19:00,117.6,1,0.17,0.5167,0,0,True,zero_vol>0.02|stale>48.0h,True
5m,gate,RAVE_USDT,10439,2026-05-29,2026-07-04 19:00,117.6,1,0.17,0.0033,0,0,True,stale>48.0h,False
5m,okx,RAVE_USDT_SWAP,899,2026-07-01,2026-07-04 19:00,117.6,0,0.08,0.0,0,0,True,stale>48.0h,False
5m,gate,RESOLV_USDT,9012,2026-06-01,2026-07-02 14:10,170.5,0,0.08,0.079,0,0,True,zero_vol>0.02|stale>48.0h,True
5m,okx,RESOLV_USDT_SWAP,899,2026-07-01,2026-07-04 18:55,117.7,0,0.08,0.0,0,0,True,stale>48.0h,False
5m,gate,RE_USDT,3507,2026-06-18,2026-06-30 18:20,214.3,0,0.08,0.0,0,0,True,stale>48.0h,False
5m,gate,RIF_USDT,9646,2026-06-01,2026-07-04 19:00,117.6,0,0.08,0.1388,0,0,True,zero_vol>0.02|stale>48.0h,True
5m,okx,RLS_USDT_SWAP,899,2026-07-01,2026-07-04 18:55,117.7,0,0.08,0.0178,0,0,True,stale>48.0h,False
5m,gate,RPL_USDT,1800,2026-06-28,2026-07-04 19:00,117.6,1,0.17,0.22,0,0,True,zero_vol>0.02|stale>48.0h,True
5m,okx,RSR_USDT_SWAP,899,2026-07-01,2026-07-04 18:55,117.7,0,0.08,0.0078,0,0,True,stale>48.0h,False
5m,okx,SAHARA_USDT_SWAP,899,2026-07-01,2026-07-04 18:55,117.7,0,0.08,0.0,0,0,True,stale>48.0h,False
5m,gate,SAMSUNG_USDT,8739,2026-06-02,2026-07-02 14:10,170.5,0,0.08,0.0001,0,0,True,stale>48.0h,False
5m,okx,SATS_USDT_SWAP,899,2026-07-01,2026-07-04 18:55,117.7,0,0.08,0.0011,0,0,True,stale>48.0h,False
5m,gate,SCRT_USDT,1800,2026-06-28,2026-07-04 19:00,117.6,1,0.17,0.4133,0,0,True,zero_vol>0.02|stale>48.0h,True
5m,okx,SENT_USDT,6535,2026-05-25,2026-06-17 09:05,535.5,0,0.08,0.0803,0,0,True,zero_vol>0.02|stale>48.0h,True
5m,okx,SENT_USDT_SWAP,899,2026-07-01,2026-07-04 18:55,117.7,0,0.08,0.0044,0,0,True,stale>48.0h,False
5m,gate,SHIB_USDT,9201,2026-06-02,2026-07-04 19:00,117.6,0,0.08,0.0478,0,0,True,zero_vol>0.02|stale>48.0h,False
5m,okx,SHIB_USDT,4519,2026-06-01,2026-06-17 01:15,543.4,0,0.08,0.0015,0,0,True,stale>48.0h,False
5m,okx,SHIB_USDT_SWAP,899,2026-07-01,2026-07-04 18:55,117.7,0,0.08,0.0,0,0,True,stale>48.0h,False
5m,gate,SIREN_USDT,1800,2026-06-28,2026-07-04 19:00,117.6,1,0.17,0.0006,0,0,True,stale>48.0h,False
5m,gate,SKSQUARE_USDT,1800,2026-06-28,2026-07-04 19:00,117.6,1,0.17,0.0,0,0,True,stale>48.0h,False
5m,gate,SKYAI_USDT,10439,2026-05-29,2026-07-04 19:00,117.6,1,0.17,0.0,0,0,True,stale>48.0h,False
5m,gate,SLX_USDT,10439,2026-05-29,2026-07-04 19:00,117.6,1,0.17,0.0034,1,0,True,stale>48.0h,False
5m,okx,SLX_USDT_SWAP,899,2026-07-01,2026-07-04 18:55,117.7,0,0.08,0.0,0,0,True,stale>48.0h,False
5m,gate,SOL_USDT,10438,2026-05-29,2026-07-04 18:55,117.7,1,0.17,0.0,0,0,True,stale>48.0h,False
5m,okx,SOL_USDT,52327,2025-12-18,2026-06-18 13:00,507.6,0,0.08,0.0,0,0,True,stale>48.0h,False
5m,okx,SOL_USDT_SWAP,57699,2025-12-20,2026-07-08 18:10,22.5,0,0.08,0.0,0,0,False,,False
5m,gate,SOXL_USDT,10439,2026-05-29,2026-07-04 19:00,117.6,1,0.17,0.0,0,0,True,stale>48.0h,False
5m,okx,SPACE_USDT,42077,2026-01-23,2026-06-18 14:20,506.3,0,0.08,0.004,0,0,True,stale>48.0h,False
5m,okx,SPACE_USDT_SWAP,899,2026-07-01,2026-07-04 18:55,117.7,0,0.08,0.0,0,0,True,stale>48.0h,False
5m,gate,SPX_USDT,9201,2026-06-02,2026-07-04 19:00,117.6,0,0.08,0.0967,0,0,True,zero_vol>0.02|stale>48.0h,True
5m,gate,SUI_USDT,10439,2026-05-29,2026-07-04 19:00,117.6,1,0.17,0.0,0,0,True,stale>48.0h,False
5m,okx,SUI_USDT,52327,2025-12-18,2026-06-18 13:20,507.3,0,0.08,0.0,0,0,True,stale>48.0h,False
5m,gate,TAC_USDT,10439,2026-05-29,2026-07-04 19:00,117.6,1,0.17,0.3428,0,0,True,zero_vol>0.02|stale>48.0h,True
5m,gate,TAG_USDT,1800,2026-06-28,2026-07-04 19:00,117.6,1,0.17,0.2233,0,0,True,zero_vol>0.02|stale>48.0h,True
5m,gate,TAIKO_USDT,10188,2026-05-30,2026-07-04 19:00,117.6,1,0.17,0.4448,2,0,True,zero_vol>0.02|stale>48.0h,True
5m,gate,TAKE_USDT,1800,2026-06-28,2026-07-04 19:00,117.6,1,0.17,0.3778,0,0,True,zero_vol>0.02|stale>48.0h,True
5m,gate,TAO_USDT,10437,2026-05-29,2026-07-04 19:00,117.6,2,0.17,0.0068,0,0,True,stale>48.0h,False
5m,gate,TA_USDT,9201,2026-06-02,2026-07-04 19:00,117.6,0,0.08,0.1494,0,0,True,zero_vol>0.02|stale>48.0h,True
5m,gate,THE_USDT,9201,2026-06-02,2026-07-04 19:00,117.6,0,0.08,0.497,0,0,True,zero_vol>0.02|stale>48.0h,True
5m,okx,TIA_USDT,52327,2025-12-18,2026-06-18 14:25,506.2,0,0.08,0.0031,0,0,True,stale>48.0h,False
5m,gate,TLM_USDT,9646,2026-06-01,2026-07-04 18:55,117.7,0,0.08,0.2972,0,0,True,zero_vol>0.02|stale>48.0h,True
5m,gate,TOWNS_USDT,1800,2026-06-28,2026-07-04 19:00,117.6,1,0.17,0.7317,0,0,True,zero_vol>0.02|stale>48.0h,True
5m,gate,TRB_USDT,9201,2026-06-02,2026-07-04 19:00,117.6,0,0.08,0.3352,0,0,True,zero_vol>0.02|stale>48.0h,True
5m,okx,TRIA_USDT_SWAP,899,2026-07-01,2026-07-04 18:55,117.7,0,0.08,0.0,0,0,True,stale>48.0h,False
5m,gate,TRUMP_USDT,9646,2026-06-01,2026-07-04 19:00,117.6,0,0.08,0.0093,0,0,True,stale>48.0h,False
5m,okx,TRUMP_USDT,52327,2025-12-18,2026-06-18 13:45,506.9,0,0.08,0.0007,0,0,True,stale>48.0h,False
5m,gate,TRX_USDT,10182,2026-05-30,2026-07-04 19:00,117.6,1,0.17,0.0529,0,0,True,zero_vol>0.02|stale>48.0h,True
5m,okx,TRX_USDT,52327,2025-12-18,2026-06-18 13:15,507.4,0,0.08,0.0,0,0,True,stale>48.0h,False
5m,okx,TRX_USDT_SWAP,57699,2025-12-20,2026-07-08 18:20,22.3,0,0.08,0.0001,0,0,False,,False
5m,gate,TSTBSC_USDT,1800,2026-06-28,2026-07-04 19:00,117.6,1,0.17,0.6289,0,0,True,zero_vol>0.02|stale>48.0h,True
5m,okx,TURBO_USDT_SWAP,899,2026-07-01,2026-07-04 18:55,117.7,0,0.08,0.0,0,0,True,stale>48.0h,False
5m,gate,UAI_USDT,1800,2026-06-28,2026-07-04 19:00,117.6,1,0.17,0.0989,0,0,True,zero_vol>0.02|stale>48.0h,True
5m,gate,UB_USDT,10439,2026-05-29,2026-07-04 19:00,117.6,1,0.17,0.0076,0,0,True,stale>48.0h,False
5m,okx,UB_USDT_SWAP,899,2026-07-01,2026-07-04 18:55,117.7,0,0.08,0.0,0,0,True,stale>48.0h,False
5m,gate,UNI_USDT,10438,2026-05-29,2026-07-04 19:00,117.6,2,0.17,0.0123,0,0,True,stale>48.0h,False
5m,okx,UNI_USDT,52327,2025-12-18,2026-06-18 13:20,507.3,0,0.08,0.0012,0,0,True,stale>48.0h,False
5m,gate,UP_USDT,1800,2026-06-28,2026-07-04 19:00,117.6,1,0.17,0.2756,0,0,True,zero_vol>0.02|stale>48.0h,True
5m,okx,UP_USDT_SWAP,899,2026-07-01,2026-07-04 18:55,117.7,0,0.08,0.01,0,0,True,stale>48.0h,False
5m,gate,US_USDT,9012,2026-06-01,2026-07-02 14:10,170.5,0,0.08,0.0448,0,0,True,zero_vol>0.02|stale>48.0h,False
5m,gate,VANRY_USDT,1800,2026-06-28,2026-07-04 19:00,117.6,1,0.17,0.2861,0,0,True,zero_vol>0.02|stale>48.0h,True
5m,gate,VELODROME_USDT,1800,2026-06-28,2026-07-04 19:00,117.6,1,0.17,0.4811,0,0,True,zero_vol>0.02|stale>48.0h,True
5m,gate,VELVET_USDT,11159,2026-05-27,2026-07-04 19:00,117.6,1,0.17,0.133,1,0,True,zero_vol>0.02|stale>48.0h,True
5m,gate,VIRTUAL_USDT,9455,2026-06-01,2026-07-04 03:05,133.5,0,0.08,0.0235,0,0,True,zero_vol>0.02|stale>48.0h,False
5m,okx,VIRTUAL_USDT,6535,2026-05-25,2026-06-17 09:10,535.5,0,0.08,0.0291,0,0,True,zero_vol>0.02|stale>48.0h,False
5m,gate,VVV_USDT,9646,2026-06-01,2026-07-04 19:00,117.6,0,0.08,0.0027,0,0,True,stale>48.0h,False
5m,okx,VVV_USDT_SWAP,444,2026-07-03,2026-07-04 18:55,117.7,0,0.08,0.0,0,0,True,stale>48.0h,False
5m,gate,WIF_USDT,10438,2026-05-29,2026-07-04 19:00,117.6,1,0.17,0.0389,0,0,True,zero_vol>0.02|stale>48.0h,False
5m,gate,WLD_USDT,10438,2026-05-29,2026-07-04 18:55,117.7,1,0.17,0.0,0,0,True,stale>48.0h,False
5m,okx,WLD_USDT,52327,2025-12-18,2026-06-18 13:05,507.5,0,0.08,0.0007,0,0,True,stale>48.0h,False
5m,okx,WLD_USDT_SWAP,899,2026-07-01,2026-07-04 18:55,117.7,0,0.08,0.0,0,0,True,stale>48.0h,False
5m,gate,WLFI_USDT,10438,2026-05-29,2026-07-04 19:00,117.6,2,0.17,0.0174,0,0,True,stale>48.0h,False
5m,okx,WLFI_USDT,52327,2025-12-18,2026-06-18 14:05,506.5,0,0.08,0.0044,0,0,True,stale>48.0h,False
5m,okx,WLFI_USDT_SWAP,899,2026-07-01,2026-07-04 18:55,117.7,0,0.08,0.0,0,0,True,stale>48.0h,False
5m,okx,W_USDT_SWAP,899,2026-07-01,2026-07-04 18:55,117.7,0,0.08,0.0,0,0,True,stale>48.0h,False
5m,gate,XLM_USDT,10437,2026-05-29,2026-07-04 19:00,117.6,2,0.17,0.0014,0,0,True,stale>48.0h,False
5m,okx,XLM_USDT,52327,2025-12-18,2026-06-18 13:15,507.4,0,0.08,0.0014,0,0,True,stale>48.0h,False
5m,okx,XLM_USDT_SWAP,899,2026-07-01,2026-07-04 18:55,117.7,0,0.08,0.0,0,0,True,stale>48.0h,False
5m,gate,XNY_USDT,1800,2026-06-28,2026-07-04 19:00,117.6,1,0.17,0.1939,0,0,True,zero_vol>0.02|stale>48.0h,True
5m,gate,XPL_USDT,10187,2026-05-30,2026-07-04 19:00,117.6,1,0.17,0.0008,0,0,True,stale>48.0h,False
5m,okx,XPL_USDT,52327,2025-12-18,2026-06-18 13:10,507.5,0,0.08,0.0,0,0,True,stale>48.0h,False
5m,okx,XPL_USDT_SWAP,899,2026-07-01,2026-07-04 18:55,117.7,0,0.08,0.0,0,0,True,stale>48.0h,False
5m,gate,XRP_USDT,10438,2026-05-29,2026-07-04 18:55,117.7,1,0.17,0.0,0,0,True,stale>48.0h,False
5m,okx,XRP_USDT,52327,2025-12-18,2026-06-18 13:05,507.5,0,0.08,0.0,0,0,True,stale>48.0h,False
5m,okx,XRP_USDT_SWAP,57699,2025-12-20,2026-07-08 18:10,22.5,0,0.08,0.0,0,0,False,,False
5m,okx,ZAMA_USDT,26407,2026-03-18,2026-06-18 09:35,511.0,0,0.08,0.0648,0,0,True,zero_vol>0.02|stale>48.0h,True
5m,gate,ZBT_USDT,9012,2026-06-01,2026-07-02 14:10,170.5,0,0.08,0.186,0,0,True,zero_vol>0.02|stale>48.0h,True
5m,gate,ZEC_USDT,10438,2026-05-29,2026-07-04 18:55,117.7,1,0.17,0.0,0,0,True,stale>48.0h,False
5m,okx,ZEC_USDT,52327,2025-12-18,2026-06-18 13:10,507.5,0,0.08,0.0044,0,0,True,stale>48.0h,False
5m,gate,ZEREBRO_USDT,1800,2026-06-28,2026-07-04 19:00,117.6,1,0.17,0.1311,0,0,True,zero_vol>0.02|stale>48.0h,True
5m,gate,ZETA_USDT,1800,2026-06-28,2026-07-04 19:00,117.6,1,0.17,0.3689,0,0,True,zero_vol>0.02|stale>48.0h,True
5m,okx,ZETA_USDT_SWAP,899,2026-07-01,2026-07-04 19:00,117.6,0,0.08,0.0078,0,0,True,stale>48.0h,False
5m,okx,ZIL_USDT_SWAP,899,2026-07-01,2026-07-04 18:55,117.7,0,0.08,0.0044,0,0,True,stale>48.0h,False
5m,gate,ZKP_USDT,9201,2026-06-02,2026-07-04 19:00,117.6,0,0.08,0.4037,0,0,True,zero_vol>0.02|stale>48.0h,True
5m,okx,ZKP_USDT_SWAP,899,2026-07-01,2026-07-04 18:55,117.7,0,0.08,0.0044,0,0,True,stale>48.0h,False
5m,okx,ZK_USDT_SWAP,899,2026-07-01,2026-07-04 18:55,117.7,0,0.08,0.0011,0,0,True,stale>48.0h,False
5m,okx,ZRO_USDT,17767,2026-04-17,2026-06-18 02:45,517.9,0,0.08,0.0986,0,0,True,zero_vol>0.02|stale>48.0h,True
5m,gate,ZRX_USDT,1800,2026-06-28,2026-07-04 19:00,117.6,1,0.17,0.5178,0,0,True,zero_vol>0.02|stale>48.0h,True
5m,okx,ZRX_USDT_SWAP,899,2026-07-01,2026-07-04 18:55,117.7,0,0.08,0.0512,0,0,True,zero_vol>0.02|stale>48.0h,True
5m,gate,币安人生_USDT,9646,2026-06-01,2026-07-04 19:00,117.6,0,0.08,0.1153,0,0,True,zero_vol>0.02|stale>48.0h,True
5m,gate,我踏马来了_USDT,1800,2026-06-28,2026-07-04 19:00,117.6,1,0.17,0.3394,0,0,True,zero_vol>0.02|stale>48.0h,True
